date,room,timestamp,temperature_c,humidity_pct,heating_pct,outdoor_temp_c
2026-07-01,Home,2026-07-01T11:00:51+00:00,23.08,58,,
2026-07-01,Home,2026-07-01T11:30:49+00:00,23.21,57,,
2026-07-01,Home,2026-07-01T12:00:51+00:00,23.36,56,,
2026-07-01,Home,2026-07-01T12:30:42+00:00,23.42,55,,
2026-07-01,Home,2026-07-01T13:00:51+00:00,23.5,52,,
2026-07-01,Home,2026-07-01T13:30:43+00:00,23.66,52,,
2026-07-01,Home,2026-07-01T14:00:52+00:00,23.74,51,,
2026-07-01,Home,2026-07-01T14:30:45+00:00,23.76,51,,
2026-07-01,Home,2026-07-01T15:00:54+00:00,23.83,50,,
2026-07-01,Home,2026-07-01T15:30:47+00:00,23.95,49,,
2026-07-01,Home,2026-07-01T16:00:57+00:00,24.09,49,,
2026-07-01,Home,2026-07-01T16:31:01+00:00,24.25,49,,
2026-07-01,Home,2026-07-01T17:00:54+00:00,24.35,48,,
2026-07-01,Home,2026-07-01T17:30:53+00:00,24.3,52,,
2026-07-01,Home,2026-07-01T18:00:52+00:00,23.87,53,,
2026-07-01,Home,2026-07-01T18:30:47+00:00,23.3,53,,
2026-07-01,Home,2026-07-01T19:00:56+00:00,22.85,54,,
2026-07-01,Home,2026-07-01T19:30:49+00:00,22.67,53,,
2026-07-01,Home,2026-07-01T20:00:57+00:00,22.35,54,,
2026-07-01,Home,2026-07-01T20:30:47+00:00,22.1,54,,
2026-07-01,Home,2026-07-01T21:00:53+00:00,22.03,53,,
2026-07-01,Home,2026-07-01T21:30:51+00:00,22.34,53,,
2026-07-01,Home,2026-07-01T22:00:59+00:00,22.44,54,,
2026-07-01,Home,2026-07-01T22:30:45+00:00,22.46,54,,
2026-07-01,Home,2026-07-01T23:00:55+00:00,22.44,55,,
2026-07-01,Home,2026-07-01T23:30:42+00:00,22.43,55,,
2026-07-02,Home,2026-07-02T00:00:55+00:00,22.42,57,,
2026-07-02,Home,2026-07-02T00:30:44+00:00,22.39,58,,
2026-07-02,Home,2026-07-02T01:00:55+00:00,22.37,59,,
2026-07-02,Home,2026-07-02T01:30:48+00:00,22.35,60,,
2026-07-02,Home,2026-07-02T02:00:50+00:00,22.36,60,,
2026-07-02,Home,2026-07-02T02:30:43+00:00,22.35,61,,
2026-07-02,Home,2026-07-02T03:00:53+00:00,22.34,61,,
2026-07-02,Home,2026-07-02T03:30:47+00:00,22.35,62,,
2026-07-02,Home,2026-07-02T04:00:53+00:00,22.35,62,,
2026-07-02,Home,2026-07-02T04:30:50+00:00,22.36,62,,
2026-07-02,Home,2026-07-02T05:00:54+00:00,22.36,62,,
2026-07-02,Home,2026-07-02T05:30:45+00:00,22.37,61,,
2026-07-02,Home,2026-07-02T06:00:52+00:00,22.37,61,,
2026-07-02,Home,2026-07-02T06:30:45+00:00,22.35,60,,
2026-07-02,Home,2026-07-02T07:00:55+00:00,22.39,58,,
2026-07-02,Home,2026-07-02T07:30:46+00:00,22.41,57,,
2026-07-02,Home,2026-07-02T08:00:54+00:00,22.48,56,,
2026-07-02,Home,2026-07-02T08:30:46+00:00,22.63,53,,
2026-07-02,Home,2026-07-02T09:01:01+00:00,22.71,51,,
2026-07-02,Home,2026-07-02T09:30:49+00:00,22.85,50,,
2026-07-02,Home,2026-07-02T10:00:56+00:00,22.97,49,,
2026-07-02,Home,2026-07-02T10:30:47+00:00,23.12,48,,
2026-07-02,Home,2026-07-02T11:00:52+00:00,23.22,47,,
2026-07-02,Home,2026-07-02T11:30:47+00:00,23.31,47,,
2026-07-02,Home,2026-07-02T12:00:54+00:00,23.35,46,,
2026-07-02,Home,2026-07-02T12:30:46+00:00,23.37,44,,
2026-07-02,Home,2026-07-02T13:00:58+00:00,23.38,45,,
2026-07-02,Home,2026-07-02T13:30:46+00:00,23.47,44,,
2026-07-02,Home,2026-07-02T14:00:57+00:00,23.5,44,,
2026-07-02,Home,2026-07-02T14:30:55+00:00,23.6,44,,
2026-07-02,Home,2026-07-02T15:00:59+00:00,23.65,43,,
2026-07-02,Home,2026-07-02T15:30:47+00:00,23.82,42,,
2026-07-02,Home,2026-07-02T16:00:59+00:00,23.91,42,,
2026-07-02,Home,2026-07-02T16:30:51+00:00,24.19,41,,
2026-07-02,Home,2026-07-02T17:00:56+00:00,24.33,40,,
2026-07-02,Home,2026-07-02T17:32:19+00:00,24.12,41,,
2026-07-02,Home,2026-07-02T18:00:55+00:00,23.85,43,,
2026-07-02,Home,2026-07-02T18:30:49+00:00,23.63,44,,
2026-07-02,Home,2026-07-02T19:00:53+00:00,23.39,44,,
2026-07-02,Home,2026-07-02T19:30:45+00:00,23.13,44,,
2026-07-02,Home,2026-07-02T20:00:59+00:00,22.71,45,,
2026-07-02,Home,2026-07-02T20:30:46+00:00,22.35,46,,
2026-07-02,Home,2026-07-02T21:00:51+00:00,22.35,46,,
2026-07-02,Home,2026-07-02T21:30:42+00:00,22.4,48,,
2026-07-02,Home,2026-07-02T22:00:55+00:00,22.51,47,0,
2026-07-02,Home,2026-07-02T22:30:45+00:00,22.56,48,0,
2026-07-02,Home,2026-07-02T23:00:55+00:00,22.57,48,0,
2026-07-02,Home,2026-07-02T23:30:43+00:00,22.58,48,0,
2026-07-03,Home,2026-07-03T00:01:00+00:00,22.52,49,0,
2026-07-03,Home,2026-07-03T00:30:54+00:00,22.42,48,0,
2026-07-03,Home,2026-07-03T01:00:53+00:00,22.38,49,0,
2026-07-03,Home,2026-07-03T01:30:47+00:00,22.34,49,0,
2026-07-03,Home,2026-07-03T02:01:00+00:00,22.3,49,0,
2026-07-03,Home,2026-07-03T02:30:47+00:00,22.2,49,0,
2026-07-03,Home,2026-07-03T03:00:55+00:00,22.11,50,0,
2026-07-03,Home,2026-07-03T03:30:44+00:00,22.06,50,0,
2026-07-03,Home,2026-07-03T04:00:55+00:00,21.94,50,0,
2026-07-03,Home,2026-07-03T04:30:51+00:00,21.89,50,0,
2026-07-03,Home,2026-07-03T05:00:52+00:00,21.86,50,0,
2026-07-03,Home,2026-07-03T05:30:43+00:00,21.83,50,0,
2026-07-03,Home,2026-07-03T06:00:55+00:00,21.84,50,0,
2026-07-03,Home,2026-07-03T06:30:49+00:00,21.86,51,0,
2026-07-03,Home,2026-07-03T07:00:52+00:00,21.89,51,0,
2026-07-03,Home,2026-07-03T07:30:53+00:00,22.0,51,99,
2026-07-03,Home,2026-07-03T08:00:58+00:00,22.19,50,0,
2026-07-03,Home,2026-07-03T08:30:49+00:00,21.98,49,0,
2026-07-03,Home,2026-07-03T09:00:58+00:00,22.04,49,0,
2026-07-03,Home,2026-07-03T09:30:41+00:00,22.15,49,0,
2026-07-03,Home,2026-07-03T10:00:56+00:00,22.33,49,0,
2026-07-03,Home,2026-07-03T10:30:45+00:00,22.43,49,0,
2026-07-03,Home,2026-07-03T11:00:54+00:00,22.51,49,0,
2026-07-03,Home,2026-07-03T11:30:46+00:00,22.68,49,0,
2026-07-03,Home,2026-07-03T12:00:56+00:00,22.83,49,0,
2026-07-03,Home,2026-07-03T12:30:49+00:00,23.08,50,0,
2026-07-03,Home,2026-07-03T13:00:56+00:00,23.3,49,0,
2026-07-03,Home,2026-07-03T13:30:46+00:00,23.4,49,0,
2026-07-03,Home,2026-07-03T14:00:53+00:00,23.55,50,0,
2026-07-03,Home,2026-07-03T14:30:46+00:00,23.64,50,0,
2026-07-03,Home,2026-07-03T15:00:54+00:00,23.78,48,0,
2026-07-03,Home,2026-07-03T15:30:45+00:00,23.97,48,0,
2026-07-03,Home,2026-07-03T16:00:53+00:00,24.18,46,0,
2026-07-03,Home,2026-07-03T16:30:46+00:00,24.34,43,0,
2026-07-03,Home,2026-07-03T17:00:53+00:00,24.45,41,0,
2026-07-03,Home,2026-07-03T17:30:44+00:00,24.22,36,0,
2026-07-03,Home,2026-07-03T18:00:56+00:00,24.0,34,0,
2026-07-03,Home,2026-07-03T18:30:45+00:00,23.82,34,0,
2026-07-03,Home,2026-07-03T19:00:55+00:00,23.53,34,0,
2026-07-03,Home,2026-07-03T19:30:47+00:00,23.37,34,0,
2026-07-03,Home,2026-07-03T20:00:50+00:00,23.3,36,0,
2026-07-03,Home,2026-07-03T20:30:45+00:00,22.97,41,0,
2026-07-03,Home,2026-07-03T21:00:49+00:00,22.88,50,0,
2026-07-03,Home,2026-07-03T21:30:42+00:00,22.84,52,0,
2026-07-03,Home,2026-07-03T22:00:51+00:00,22.89,51,0,
2026-07-03,Home,2026-07-03T22:30:45+00:00,22.87,51,0,
2026-07-03,Home,2026-07-03T23:00:53+00:00,22.86,52,0,
2026-07-03,Home,2026-07-03T23:30:43+00:00,22.83,52,0,
2026-07-04,Home,2026-07-04T00:00:50+00:00,22.78,52,0,
2026-07-04,Home,2026-07-04T00:30:45+00:00,22.72,52,0,
2026-07-04,Home,2026-07-04T01:00:57+00:00,22.64,52,0,
2026-07-04,Home,2026-07-04T01:30:45+00:00,22.57,53,0,
2026-07-04,Home,2026-07-04T02:00:57+00:00,22.49,53,0,
2026-07-04,Home,2026-07-04T02:30:45+00:00,22.41,53,0,
2026-07-04,Home,2026-07-04T03:00:50+00:00,22.37,54,0,
2026-07-04,Home,2026-07-04T03:30:46+00:00,22.34,54,0,
2026-07-04,Home,2026-07-04T04:00:50+00:00,22.28,55,0,
2026-07-04,Home,2026-07-04T04:30:47+00:00,22.21,56,0,
2026-07-04,Home,2026-07-04T05:00:51+00:00,22.17,57,0,
2026-07-04,Home,2026-07-04T05:30:46+00:00,22.2,57,0,
2026-07-04,Home,2026-07-04T06:00:52+00:00,22.21,58,0,
2026-07-04,Home,2026-07-04T06:30:44+00:00,22.18,60,0,
2026-07-04,Home,2026-07-04T07:00:53+00:00,22.22,59,0,
2026-07-04,Home,2026-07-04T07:30:48+00:00,22.33,59,0,
2026-07-04,Home,2026-07-04T08:00:48+00:00,22.28,61,0,
2026-07-04,Home,2026-07-04T08:30:44+00:00,22.26,62,0,
2026-07-04,Home,2026-07-04T09:00:50+00:00,22.28,61,0,
2026-07-04,Home,2026-07-04T09:30:46+00:00,22.39,61,0,
2026-07-04,Home,2026-07-04T10:00:53+00:00,22.48,60,0,
2026-07-04,Home,2026-07-04T10:30:49+00:00,22.58,59,0,
2026-07-04,Home,2026-07-04T11:00:53+00:00,22.98,57,0,
2026-07-04,Home,2026-07-04T11:30:42+00:00,23.4,56,0,
2026-07-04,Home,2026-07-04T12:00:53+00:00,23.86,55,0,
2026-07-04,Home,2026-07-04T12:30:42+00:00,23.89,55,0,
2026-07-04,Home,2026-07-04T13:00:51+00:00,24.32,54,0,
2026-07-04,Home,2026-07-04T13:30:44+00:00,24.38,56,0,
2026-07-04,Home,2026-07-04T14:00:51+00:00,24.37,57,0,
2026-07-04,Home,2026-07-04T14:30:49+00:00,24.43,56,0,
2026-07-04,Home,2026-07-04T15:00:51+00:00,24.73,55,0,
2026-07-04,Home,2026-07-04T15:30:43+00:00,24.86,54,0,
2026-07-04,Home,2026-07-04T16:00:50+00:00,24.8,55,0,
2026-07-04,Home,2026-07-04T16:30:49+00:00,24.78,55,0,
2026-07-04,Home,2026-07-04T17:00:49+00:00,24.79,55,0,
2026-07-04,Home,2026-07-04T17:30:47+00:00,24.7,54,0,
2026-07-04,Home,2026-07-04T18:00:52+00:00,24.49,55,0,
2026-07-04,Home,2026-07-04T18:30:44+00:00,24.28,56,0,
2026-07-04,Home,2026-07-04T19:00:51+00:00,24.07,56,0,
2026-07-04,Home,2026-07-04T19:30:48+00:00,24.01,56,0,
2026-07-04,Home,2026-07-04T20:00:51+00:00,23.85,56,0,
2026-07-04,Home,2026-07-04T20:30:46+00:00,23.64,56,0,
2026-07-04,Home,2026-07-04T21:00:51+00:00,23.46,58,0,
2026-07-04,Home,2026-07-04T21:30:47+00:00,23.25,59,0,
2026-07-04,Home,2026-07-04T22:00:54+00:00,23.11,60,0,
2026-07-04,Home,2026-07-04T22:30:43+00:00,22.95,60,0,
2026-07-04,Home,2026-07-04T23:00:49+00:00,23.15,59,0,
2026-07-04,Home,2026-07-04T23:30:48+00:00,23.19,59,0,
2026-07-05,Home,2026-07-05T00:00:53+00:00,23.17,59,0,
2026-07-05,Home,2026-07-05T00:30:47+00:00,23.13,59,0,
2026-07-05,Home,2026-07-05T01:00:50+00:00,23.06,59,0,
2026-07-05,Home,2026-07-05T01:30:44+00:00,23.0,59,0,
2026-07-05,Home,2026-07-05T02:00:51+00:00,22.93,59,0,
2026-07-05,Home,2026-07-05T02:30:43+00:00,22.88,59,0,
2026-07-05,Home,2026-07-05T03:00:55+00:00,22.84,59,0,
2026-07-05,Home,2026-07-05T03:30:44+00:00,22.83,59,0,
2026-07-05,Home,2026-07-05T04:00:58+00:00,22.8,59,0,
2026-07-05,Home,2026-07-05T04:30:46+00:00,22.79,59,0,
2026-07-05,Home,2026-07-05T05:00:52+00:00,22.78,59,0,
2026-07-05,Home,2026-07-05T05:30:41+00:00,22.76,60,0,
2026-07-05,Home,2026-07-05T06:00:50+00:00,22.74,60,0,
2026-07-05,Home,2026-07-05T06:30:44+00:00,22.75,60,0,
2026-07-05,Home,2026-07-05T07:00:55+00:00,22.79,60,0,
2026-07-05,Home,2026-07-05T07:30:46+00:00,22.84,59,0,
2026-07-05,Home,2026-07-05T08:00:53+00:00,22.85,59,0,
2026-07-05,Home,2026-07-05T08:30:40+00:00,22.88,59,0,
2026-07-05,Home,2026-07-05T09:00:50+00:00,22.95,59,0,
2026-07-05,Home,2026-07-05T09:30:44+00:00,23.03,58,0,
2026-07-05,Home,2026-07-05T10:00:52+00:00,23.16,58,0,
2026-07-05,Home,2026-07-05T10:30:49+00:00,23.19,58,0,
2026-07-05,Home,2026-07-05T11:00:48+00:00,23.27,59,0,
2026-07-05,Home,2026-07-05T11:30:44+00:00,23.38,58,0,
2026-07-05,Home,2026-07-05T12:00:52+00:00,23.7,58,0,
2026-07-05,Home,2026-07-05T12:30:47+00:00,23.82,59,0,
2026-07-05,Home,2026-07-05T13:00:50+00:00,24.25,59,0,
2026-07-05,Home,2026-07-05T13:30:49+00:00,24.59,58,0,
2026-07-05,Home,2026-07-05T14:00:51+00:00,24.79,59,0,
2026-07-05,Home,2026-07-05T14:30:45+00:00,25.25,57,0,
2026-07-05,Home,2026-07-05T15:00:52+00:00,25.71,57,0,
2026-07-05,Home,2026-07-05T15:30:46+00:00,26.05,56,0,
2026-07-05,Home,2026-07-05T16:00:52+00:00,26.18,57,0,
2026-07-05,Home,2026-07-05T16:30:44+00:00,26.15,58,0,
2026-07-05,Home,2026-07-05T17:00:54+00:00,26.04,58,0,
2026-07-05,Home,2026-07-05T17:30:45+00:00,25.85,59,0,
2026-07-05,Home,2026-07-05T18:00:51+00:00,25.4,60,0,
2026-07-05,Home,2026-07-05T18:30:50+00:00,24.99,61,0,
2026-07-05,Home,2026-07-05T19:00:56+00:00,24.54,62,0,
2026-07-05,Home,2026-07-05T19:30:44+00:00,24.12,64,0,
2026-07-05,Home,2026-07-05T20:00:50+00:00,23.99,64,0,
2026-07-05,Home,2026-07-05T20:30:44+00:00,23.6,64,0,
2026-07-05,Home,2026-07-05T21:00:54+00:00,23.16,65,0,
2026-07-05,Home,2026-07-05T21:30:42+00:00,23.14,64,0,
2026-07-05,Home,2026-07-05T22:00:54+00:00,23.42,63,0,
2026-07-05,Home,2026-07-05T22:30:42+00:00,23.6,63,0,
2026-07-05,Home,2026-07-05T23:00:52+00:00,23.67,62,0,
2026-07-05,Home,2026-07-05T23:30:49+00:00,23.67,61,0,
2026-07-06,Home,2026-07-06T00:00:51+00:00,23.64,61,0,
2026-07-06,Home,2026-07-06T00:30:47+00:00,23.59,61,0,
2026-07-06,Home,2026-07-06T01:00:55+00:00,23.55,61,0,
2026-07-06,Home,2026-07-06T01:30:46+00:00,23.48,60,0,
2026-07-06,Home,2026-07-06T02:00:50+00:00,23.42,60,0,
2026-07-06,Home,2026-07-06T02:30:45+00:00,23.37,60,0,
2026-07-06,Home,2026-07-06T03:00:51+00:00,23.34,60,0,
2026-07-06,Home,2026-07-06T03:30:43+00:00,23.3,60,0,
2026-07-06,Home,2026-07-06T04:00:51+00:00,23.22,60,0,
2026-07-06,Home,2026-07-06T04:30:45+00:00,23.16,60,0,
2026-07-06,Home,2026-07-06T05:00:59+00:00,23.12,60,0,
2026-07-06,Home,2026-07-06T05:30:47+00:00,23.11,60,0,
2026-07-06,Home,2026-07-06T06:00:54+00:00,23.11,60,0,
2026-07-06,Home,2026-07-06T06:30:46+00:00,22.82,60,0,
2026-07-06,Home,2026-07-06T07:00:52+00:00,21.51,63,0,
2026-07-06,Home,2026-07-06T07:30:45+00:00,20.93,65,0,
2026-07-06,Home,2026-07-06T08:00:54+00:00,21.35,63,0,
2026-07-06,Home,2026-07-06T08:30:48+00:00,21.82,62,0,
2026-07-06,Home,2026-07-06T09:00:52+00:00,22.14,62,0,
2026-07-06,Home,2026-07-06T09:30:43+00:00,22.44,62,0,
2026-07-06,Home,2026-07-06T10:00:52+00:00,22.7,61,0,
2026-07-06,Home,2026-07-06T10:30:43+00:00,22.99,61,0,
2026-07-06,Home,2026-07-06T11:00:54+00:00,23.32,61,0,
2026-07-06,Home,2026-07-06T11:30:53+00:00,23.61,60,0,
2026-07-06,Home,2026-07-06T12:00:57+00:00,23.85,60,0,
2026-07-06,Home,2026-07-06T12:30:52+00:00,24.0,58,0,
2026-07-06,Home,2026-07-06T13:00:53+00:00,24.17,58,0,
2026-07-06,Home,2026-07-06T13:30:46+00:00,24.2,58,0,
2026-07-06,Home,2026-07-06T14:00:56+00:00,24.21,58,0,
2026-07-06,Home,2026-07-06T14:30:51+00:00,24.22,58,0,
2026-07-06,Home,2026-07-06T15:01:00+00:00,24.23,58,0,
2026-07-06,Home,2026-07-06T15:30:50+00:00,24.28,57,0,
2026-07-06,Home,2026-07-06T16:00:53+00:00,24.33,57,0,
2026-07-06,Home,2026-07-06T16:30:50+00:00,24.42,57,0,
2026-07-06,Home,2026-07-06T17:00:58+00:00,24.57,56,0,
2026-07-06,Home,2026-07-06T17:30:54+00:00,24.59,55,0,
2026-07-06,Home,2026-07-06T18:00:58+00:00,24.63,53,0,
2026-07-06,Home,2026-07-06T18:30:51+00:00,24.64,55,0,
2026-07-06,Home,2026-07-06T19:00:57+00:00,24.7,43,0,
2026-07-06,Home,2026-07-06T19:36:55+00:00,24.53,42,0,
2026-07-06,Home,2026-07-06T20:00:57+00:00,24.39,41,0,
2026-07-06,Home,2026-07-06T20:30:47+00:00,24.11,41,0,
2026-07-06,Home,2026-07-06T21:00:54+00:00,23.9,43,0,
2026-07-06,Home,2026-07-06T21:30:48+00:00,24.08,44,0,
2026-07-06,Home,2026-07-06T22:00:58+00:00,24.11,46,0,
2026-07-06,Home,2026-07-06T22:30:44+00:00,24.1,47,0,
2026-07-06,Home,2026-07-06T23:00:55+00:00,24.04,48,0,
2026-07-06,Home,2026-07-06T23:30:46+00:00,24.0,48,0,
2026-07-07,Home,2026-07-07T00:00:53+00:00,23.93,49,0,
2026-07-07,Home,2026-07-07T00:30:45+00:00,23.87,50,0,
2026-07-07,Home,2026-07-07T01:00:51+00:00,23.84,50,0,
2026-07-07,Home,2026-07-07T01:30:45+00:00,23.75,52,0,
2026-07-07,Home,2026-07-07T02:00:56+00:00,23.66,53,0,
2026-07-07,Home,2026-07-07T02:30:49+00:00,23.59,54,0,
2026-07-07,Home,2026-07-07T03:00:58+00:00,23.53,54,0,
2026-07-07,Home,2026-07-07T03:30:44+00:00,23.42,55,0,
2026-07-07,Home,2026-07-07T04:00:54+00:00,23.34,55,0,
2026-07-07,Home,2026-07-07T04:30:48+00:00,23.28,55,0,
2026-07-07,Home,2026-07-07T05:00:57+00:00,23.25,56,0,
2026-07-07,Home,2026-07-07T05:30:43+00:00,23.19,56,0,
2026-07-07,Home,2026-07-07T06:00:55+00:00,23.16,56,0,
2026-07-07,Home,2026-07-07T06:30:45+00:00,22.08,59,0,
2026-07-07,Home,2026-07-07T07:00:55+00:00,21.46,62,0,
2026-07-07,Home,2026-07-07T07:30:46+00:00,21.19,62,0,
2026-07-07,Home,2026-07-07T08:00:53+00:00,21.34,62,0,
2026-07-07,Home,2026-07-07T08:30:45+00:00,21.54,62,0,
2026-07-07,Home,2026-07-07T09:00:57+00:00,21.74,61,0,
2026-07-07,Home,2026-07-07T09:30:52+00:00,22.12,61,0,
2026-07-07,Home,2026-07-07T10:00:55+00:00,22.58,60,0,
2026-07-07,Home,2026-07-07T10:30:45+00:00,22.88,59,0,
2026-07-07,Home,2026-07-07T11:00:53+00:00,23.21,58,0,
2026-07-07,Home,2026-07-07T11:30:48+00:00,23.44,58,0,
2026-07-07,Home,2026-07-07T12:00:59+00:00,23.64,57,0,
2026-07-07,Home,2026-07-07T12:30:56+00:00,23.81,57,0,
2026-07-07,Home,2026-07-07T13:01:02+00:00,23.99,57,0,
2026-07-07,Home,2026-07-07T13:30:48+00:00,24.1,57,0,
2026-07-07,Home,2026-07-07T14:00:57+00:00,24.12,57,0,
2026-07-07,Home,2026-07-07T14:30:50+00:00,24.16,57,0,
2026-07-07,Home,2026-07-07T15:00:58+00:00,24.2,56,0,
2026-07-07,Home,2026-07-07T15:30:49+00:00,24.26,55,0,
2026-07-07,Home,2026-07-07T16:00:55+00:00,24.32,55,0,
2026-07-07,Home,2026-07-07T16:30:51+00:00,24.44,55,0,
2026-07-07,Home,2026-07-07T17:00:55+00:00,24.69,56,0,
2026-07-07,Home,2026-07-07T17:30:49+00:00,24.72,56,0,
2026-07-07,Home,2026-07-07T18:00:55+00:00,24.78,57,0,
2026-07-07,Home,2026-07-07T18:30:50+00:00,24.87,57,0,
2026-07-07,Home,2026-07-07T19:00:56+00:00,24.85,58,0,
2026-07-07,Home,2026-07-07T19:30:46+00:00,24.91,59,0,
2026-07-07,Home,2026-07-07T20:00:51+00:00,25.02,58,0,
2026-07-07,Home,2026-07-07T20:30:46+00:00,25.15,58,0,
2026-07-07,Home,2026-07-07T21:00:56+00:00,25.05,53,0,
2026-07-07,Home,2026-07-07T21:30:48+00:00,24.85,50,0,
2026-07-07,Home,2026-07-07T22:01:05+00:00,24.82,50,0,
2026-07-07,Home,2026-07-07T22:30:52+00:00,24.78,51,0,
2026-07-07,Home,2026-07-07T23:00:56+00:00,24.68,51,0,
2026-07-07,Home,2026-07-07T23:30:49+00:00,24.63,52,0,
2026-07-08,Home,2026-07-08T00:00:58+00:00,24.56,52,0,
2026-07-08,Home,2026-07-08T00:30:47+00:00,24.49,52,0,
2026-07-08,Home,2026-07-08T01:00:59+00:00,24.41,52,0,
2026-07-08,Home,2026-07-08T01:30:50+00:00,24.36,53,0,
2026-07-08,Home,2026-07-08T02:00:54+00:00,24.3,53,0,
2026-07-08,Home,2026-07-08T02:30:45+00:00,24.21,53,0,
2026-07-08,Home,2026-07-08T03:00:55+00:00,24.15,53,0,
2026-07-08,Home,2026-07-08T03:30:50+00:00,24.08,53,0,
2026-07-08,Home,2026-07-08T04:00:59+00:00,23.98,53,0,
2026-07-08,Home,2026-07-08T04:30:47+00:00,23.91,53,0,
2026-07-08,Home,2026-07-08T05:00:58+00:00,23.87,54,0,
2026-07-08,Home,2026-07-08T05:30:46+00:00,23.85,54,0,
2026-07-08,Home,2026-07-08T06:00:54+00:00,23.84,54,0,
2026-07-08,Home,2026-07-08T06:30:44+00:00,23.34,56,0,
2026-07-08,Home,2026-07-08T07:00:57+00:00,23.01,55,0,
2026-07-08,Home,2026-07-08T07:30:48+00:00,22.88,55,0,
2026-07-08,Home,2026-07-08T08:00:53+00:00,23.13,54,0,
2026-07-08,Home,2026-07-08T08:30:50+00:00,23.38,54,0,
2026-07-08,Home,2026-07-08T09:00:54+00:00,23.59,54,0,
2026-07-08,Home,2026-07-08T09:30:46+00:00,23.94,54,0,
2026-07-08,Home,2026-07-08T10:00:53+00:00,24.29,54,0,
2026-07-08,Home,2026-07-08T10:30:47+00:00,24.56,54,0,
2026-07-08,Home,2026-07-08T11:00:56+00:00,24.77,53,0,
2026-07-08,Home,2026-07-08T11:30:58+00:00,24.9,52,0,
2026-07-08,Home,2026-07-08T12:00:57+00:00,25.16,53,0,
2026-07-08,Home,2026-07-08T12:30:51+00:00,25.32,53,0,
2026-07-08,Home,2026-07-08T13:00:57+00:00,25.35,53,0,
2026-07-08,Home,2026-07-08T13:30:48+00:00,25.34,52,0,
2026-07-08,Home,2026-07-08T14:01:12+00:00,25.36,52,0,
2026-07-08,Home,2026-07-08T14:30:52+00:00,25.36,52,0,
2026-07-08,Home,2026-07-08T15:01:01+00:00,25.36,51,0,
2026-07-08,Home,2026-07-08T15:30:52+00:00,25.4,51,0,
2026-07-08,Home,2026-07-08T16:01:06+00:00,25.45,51,0,
2026-07-08,Home,2026-07-08T16:30:51+00:00,25.56,51,0,
2026-07-08,Home,2026-07-08T17:01:04+00:00,25.64,51,0,
2026-07-08,Home,2026-07-08T17:30:56+00:00,25.75,51,0,
2026-07-08,Home,2026-07-08T18:01:00+00:00,25.77,51,0,
2026-07-08,Home,2026-07-08T18:30:48+00:00,25.8,51,0,
2026-07-08,Home,2026-07-08T19:00:57+00:00,25.85,54,0,
2026-07-08,Home,2026-07-08T19:30:50+00:00,25.89,55,0,
2026-07-08,Home,2026-07-08T20:00:58+00:00,26.08,56,0,
2026-07-08,Home,2026-07-08T20:30:50+00:00,26.19,56,0,
2026-07-08,Home,2026-07-08T21:00:56+00:00,26.29,56,0,26.12
2026-07-08,Home,2026-07-08T21:30:51+00:00,26.3,54,0,26.12
2026-07-08,Home,2026-07-08T22:01:02+00:00,26.26,53,0,23.39
2026-07-08,Home,2026-07-08T22:30:52+00:00,26.16,53,0,21.64
2026-07-08,Home,2026-07-08T23:00:59+00:00,25.98,54,0,21.64
2026-07-08,Home,2026-07-08T23:30:52+00:00,25.91,55,0,20.16
2026-07-09,Home,2026-07-09T00:01:00+00:00,25.85,55,0,20.16
2026-07-09,Home,2026-07-09T00:30:54+00:00,25.77,55,0,18.79
2026-07-09,Home,2026-07-09T01:01:02+00:00,25.68,55,0,18.79
2026-07-09,Home,2026-07-09T01:30:48+00:00,25.62,56,0,17.32
2026-07-09,Home,2026-07-09T02:00:55+00:00,25.53,56,0,17.32
2026-07-09,Home,2026-07-09T02:30:51+00:00,25.46,56,0,16.47
2026-07-09,Home,2026-07-09T03:00:55+00:00,25.41,56,0,16.47
2026-07-09,Home,2026-07-09T03:30:50+00:00,25.35,57,0,15.62
2026-07-09,Home,2026-07-09T04:35:49+00:00,25.13,57,0,15.62
2026-07-09,Home,2026-07-09T05:11:00+00:00,25.05,57,0,15.62
2026-07-09,Home,2026-07-09T05:30:51+00:00,24.26,59,0,15.1
2026-07-09,Home,2026-07-09T06:01:03+00:00,23.35,64,0,15.1
2026-07-09,Home,2026-07-09T06:35:58+00:00,23.13,66,0,17.72
2026-07-09,Home,2026-07-09T07:06:12+00:00,23.15,66,0,17.72
2026-07-09,Home,2026-07-09T07:42:45+00:00,23.36,64,0,21.04
2026-07-09,Home,2026-07-09T08:10:29+00:00,23.59,63,0,21.04
2026-07-09,Home,2026-07-09T08:35:54+00:00,23.83,62,0,21.04
2026-07-09,Home,2026-07-09T09:06:03+00:00,24.15,61,0,21.46
2026-07-09,Home,2026-07-09T09:35:54+00:00,24.55,59,0,21.46
2026-07-09,Home,2026-07-09T10:04:48+00:00,25.0,59,0,23.1
2026-07-09,Home,2026-07-09T10:36:59+00:00,25.41,58,0,27.92
2026-07-09,Home,2026-07-09T11:01:17+00:00,25.75,57,0,27.92
2026-07-09,Home,2026-07-09T11:30:59+00:00,25.89,57,0,29.47
2026-07-09,Home,2026-07-09T12:00:56+00:00,26.09,56,0,29.47
2026-07-09,Home,2026-07-09T13:30:51+00:00,26.33,56,0,31.48
2026-07-09,Home,2026-07-09T14:00:58+00:00,26.31,55,0,31.48
2026-07-09,Home,2026-07-09T14:30:51+00:00,26.29,55,0,31.74
2026-07-09,Home,2026-07-09T15:01:01+00:00,26.3,55,0,31.74
2026-07-09,Home,2026-07-09T15:30:52+00:00,26.33,54,0,32.34
2026-07-09,Home,2026-07-09T16:01:02+00:00,26.35,53,0,32.34
2026-07-09,Home,2026-07-09T16:30:50+00:00,26.44,53,0,32.68
2026-07-09,Home,2026-07-09T17:00:55+00:00,26.64,53,0,32.68
2026-07-09,Home,2026-07-09T17:30:52+00:00,26.75,53,0,32.38
2026-07-09,Home,2026-07-09T18:00:56+00:00,26.88,55,0,32.38
2026-07-09,Home,2026-07-09T18:30:51+00:00,26.94,55,0,32.15
2026-07-09,Home,2026-07-09T19:00:58+00:00,27.04,56,0,32.15
2026-07-09,Home,2026-07-09T19:30:50+00:00,27.14,56,0,32.15
2026-07-09,Home,2026-07-09T20:00:55+00:00,27.23,57,0,30.45
2026-07-09,Home,2026-07-09T20:30:51+00:00,27.3,57,0,25.99
2026-07-09,Home,2026-07-09T21:00:53+00:00,26.68,47,0,25.99
2026-07-09,Home,2026-07-09T21:30:52+00:00,26.52,48,0,22.96
2026-07-09,Home,2026-07-09T22:00:56+00:00,26.5,50,0,22.96
2026-07-09,Home,2026-07-09T22:30:49+00:00,26.58,50,0,21.66
2026-07-09,Home,2026-07-09T23:01:01+00:00,26.6,50,0,21.66
2026-07-09,Home,2026-07-09T23:30:53+00:00,26.58,50,0,20.29
2026-07-10,Home,2026-07-10T00:00:56+00:00,26.55,50,0,20.29
2026-07-10,Home,2026-07-10T00:30:51+00:00,26.49,51,0,18.81
2026-07-10,Home,2026-07-10T01:00:52+00:00,26.41,51,0,18.81
2026-07-10,Home,2026-07-10T01:30:47+00:00,26.37,50,0,17.27
2026-07-10,Home,2026-07-10T02:00:55+00:00,26.27,50,0,17.27
2026-07-10,Home,2026-07-10T02:30:49+00:00,26.14,49,0,15.84
2026-07-10,Home,2026-07-10T03:00:57+00:00,26.02,48,0,15.84
2026-07-10,Home,2026-07-10T03:30:47+00:00,25.92,48,0,15.29
2026-07-10,Home,2026-07-10T04:00:57+00:00,25.84,48,0,15.29
2026-07-10,Home,2026-07-10T04:30:50+00:00,25.72,49,0,14.27
2026-07-10,Home,2026-07-10T05:00:54+00:00,25.64,49,0,14.27
2026-07-10,Home,2026-07-10T05:30:51+00:00,23.55,53,0,14.38
2026-07-10,Home,2026-07-10T06:00:51+00:00,23.14,55,0,14.38
2026-07-10,Home,2026-07-10T06:30:49+00:00,22.9,57,0,14.38
2026-07-10,Home,2026-07-10T07:00:59+00:00,22.93,57,0,18.21
2026-07-10,Home,2026-07-10T07:30:49+00:00,23.1,57,0,18.21
2026-07-10,Home,2026-07-10T08:00:55+00:00,23.28,57,0,20.58
2026-07-10,Home,2026-07-10T08:30:54+00:00,23.68,58,0,20.58
2026-07-10,Home,2026-07-10T09:00:54+00:00,24.11,58,0,22.65
2026-07-10,Home,2026-07-10T09:30:48+00:00,24.7,58,0,25.04
2026-07-10,Home,2026-07-10T10:00:55+00:00,25.29,57,0,25.04
2026-07-10,Home,2026-07-10T10:30:58+00:00,25.86,56,0,26.22
2026-07-10,Home,2026-07-10T11:00:55+00:00,26.08,56,0,26.22
2026-07-10,Home,2026-07-10T11:30:54+00:00,26.3,56,0,29.93
2026-07-10,Home,2026-07-10T12:01:00+00:00,26.5,59,0,29.93
2026-07-10,Home,2026-07-10T12:30:51+00:00,26.68,57,0,31.2
2026-07-10,Home,2026-07-10T13:00:57+00:00,26.78,56,0,31.2
2026-07-10,Home,2026-07-10T13:30:51+00:00,26.82,56,0,32.6
2026-07-10,Home,2026-07-10T14:01:07+00:00,26.86,55,0,32.6
2026-07-10,Home,2026-07-10T14:31:02+00:00,26.92,55,0,32.88
2026-07-10,Home,2026-07-10T15:00:55+00:00,27.08,53,0,32.88
2026-07-10,Home,2026-07-10T15:30:50+00:00,27.12,53,0,32.32
2026-07-10,Home,2026-07-10T16:00:58+00:00,27.13,53,0,32.32
2026-07-10,Home,2026-07-10T16:30:50+00:00,27.26,54,0,32.43
2026-07-10,Home,2026-07-10T17:00:54+00:00,27.44,55,0,32.43
2026-07-10,Home,2026-07-10T17:30:57+00:00,27.42,56,0,32.52
2026-07-10,Home,2026-07-10T18:00:55+00:00,27.51,56,0,32.52
2026-07-10,Home,2026-07-10T18:30:51+00:00,27.46,55,0,31.73
2026-07-10,Home,2026-07-10T19:00:57+00:00,27.37,55,0,31.73
2026-07-10,Home,2026-07-10T19:30:52+00:00,27.34,55,0,31.73
2026-07-10,Home,2026-07-10T20:01:00+00:00,27.31,54,0,30.49
2026-07-10,Home,2026-07-10T20:30:54+00:00,27.29,54,0,28.5
2026-07-10,Home,2026-07-10T21:01:03+00:00,27.34,45,0,28.5
2026-07-10,Home,2026-07-10T21:30:50+00:00,27.23,45,0,26.35
2026-07-10,Home,2026-07-10T22:01:00+00:00,27.02,45,0,26.35
2026-07-10,Home,2026-07-10T22:30:54+00:00,26.98,46,0,24.69
2026-07-10,Home,2026-07-10T23:01:01+00:00,27.06,45,0,24.69
2026-07-10,Home,2026-07-10T23:30:54+00:00,27.06,44,0,22.87
2026-07-11,Home,2026-07-11T00:01:00+00:00,27.06,44,0,22.87
2026-07-11,Home,2026-07-11T00:30:50+00:00,27.02,42,0,20.03
2026-07-11,Home,2026-07-11T01:00:59+00:00,26.96,43,0,20.03
2026-07-11,Home,2026-07-11T01:30:48+00:00,26.95,43,0,18.65
2026-07-11,Home,2026-07-11T02:00:56+00:00,26.89,43,0,18.65
2026-07-11,Home,2026-07-11T02:30:53+00:00,26.85,43,0,17.26
2026-07-11,Home,2026-07-11T03:00:59+00:00,26.8,43,0,17.26
2026-07-11,Home,2026-07-11T03:30:49+00:00,26.74,44,0,16.58
2026-07-11,Home,2026-07-11T04:00:56+00:00,26.66,44,0,16.58
2026-07-11,Home,2026-07-11T04:30:50+00:00,25.63,44,0,14.91
2026-07-11,Home,2026-07-11T05:01:05+00:00,24.87,47,0,14.91
2026-07-11,Home,2026-07-11T05:30:50+00:00,24.39,49,0,14.51
2026-07-11,Home,2026-07-11T06:00:55+00:00,24.0,50,0,14.51
2026-07-11,Home,2026-07-11T06:30:53+00:00,23.82,51,0,17.66
2026-07-11,Home,2026-07-11T07:01:02+00:00,24.05,51,0,17.66
2026-07-11,Home,2026-07-11T07:30:52+00:00,24.28,52,0,17.66
2026-07-11,Home,2026-07-11T08:00:56+00:00,24.83,52,0,19.75
2026-07-11,Home,2026-07-11T08:30:53+00:00,25.31,52,0,19.75
2026-07-11,Home,2026-07-11T09:00:55+00:00,25.76,51,0,22.14
2026-07-11,Home,2026-07-11T09:30:52+00:00,26.08,51,0,24.44
2026-07-11,Home,2026-07-11T10:00:59+00:00,26.36,49,0,24.44
2026-07-11,Home,2026-07-11T10:30:54+00:00,26.74,50,0,26.1
2026-07-11,Home,2026-07-11T11:00:57+00:00,27.18,50,0,26.1
2026-07-11,Home,2026-07-11T11:30:49+00:00,27.3,50,0,27.6
2026-07-11,Home,2026-07-11T12:00:57+00:00,27.39,51,0,27.6
2026-07-11,Home,2026-07-11T12:30:53+00:00,27.47,51,0,28.62
2026-07-11,Home,2026-07-11T13:00:57+00:00,27.54,51,0,28.62
2026-07-11,Home,2026-07-11T13:30:56+00:00,27.54,50,0,29.54
2026-07-11,Home,2026-07-11T14:01:00+00:00,27.53,50,0,29.54
2026-07-11,Home,2026-07-11T14:30:50+00:00,27.53,50,0,29.87
2026-07-11,Home,2026-07-11T15:00:56+00:00,27.6,50,0,29.87
2026-07-11,Home,2026-07-11T15:30:53+00:00,27.78,51,0,29.77
2026-07-11,Home,2026-07-11T16:00:57+00:00,27.9,51,0,29.77
2026-07-11,Home,2026-07-11T16:30:52+00:00,28.08,50,0,29.86
2026-07-11,Home,2026-07-11T17:00:55+00:00,28.17,50,0,29.86
2026-07-11,Home,2026-07-11T17:30:57+00:00,28.09,50,0,28.73
2026-07-11,Home,2026-07-11T18:00:54+00:00,27.95,50,0,28.73
2026-07-11,Home,2026-07-11T18:30:54+00:00,27.88,50,0,27.48
2026-07-11,Home,2026-07-11T19:00:59+00:00,27.66,40,0,27.48
2026-07-11,Home,2026-07-11T19:30:54+00:00,27.3,41,0,26.0
2026-07-11,Home,2026-07-11T20:00:56+00:00,26.89,42,0,26.0
2026-07-11,Home,2026-07-11T20:30:53+00:00,26.42,48,0,23.91
2026-07-11,Home,2026-07-11T21:01:01+00:00,26.26,50,0,23.91
2026-07-11,Home,2026-07-11T21:30:53+00:00,25.6,51,0,21.52
2026-07-11,Home,2026-07-11T22:00:58+00:00,24.98,51,0,21.52
2026-07-11,Home,2026-07-11T22:30:49+00:00,24.85,51,0,19.71
2026-07-11,Home,2026-07-11T23:00:59+00:00,25.37,50,0,19.71
2026-07-11,Home,2026-07-11T23:30:52+00:00,25.67,50,0,18.25
2026-07-12,Home,2026-07-12T00:01:03+00:00,25.81,50,0,18.25
2026-07-12,Home,2026-07-12T00:30:51+00:00,25.82,50,0,18.1
2026-07-12,Home,2026-07-12T01:00:55+00:00,25.79,50,0,18.1
2026-07-12,Home,2026-07-12T01:30:51+00:00,25.77,51,0,17.4
2026-07-12,Home,2026-07-12T02:00:58+00:00,25.69,51,0,17.4
2026-07-12,Home,2026-07-12T02:30:54+00:00,25.63,51,0,17.42
2026-07-12,Home,2026-07-12T03:00:56+00:00,25.59,50,0,17.42
2026-07-12,Home,2026-07-12T03:30:52+00:00,25.53,50,0,17.32
2026-07-12,Home,2026-07-12T04:01:02+00:00,25.5,50,0,17.32
2026-07-12,Home,2026-07-12T04:30:49+00:00,25.44,50,0,17.11
2026-07-12,Home,2026-07-12T05:00:58+00:00,25.42,50,0,17.11
2026-07-12,Home,2026-07-12T05:30:48+00:00,25.38,50,0,17.05
2026-07-12,Home,2026-07-12T06:00:58+00:00,25.36,50,0,17.05
2026-07-12,Home,2026-07-12T06:30:52+00:00,25.38,50,0,17.05
2026-07-12,Home,2026-07-12T07:00:57+00:00,24.47,53,0,17.62
2026-07-12,Home,2026-07-12T07:30:50+00:00,24.17,53,0,18.9
2026-07-12,Home,2026-07-12T08:00:56+00:00,24.08,54,0,18.9
2026-07-12,Home,2026-07-12T08:30:53+00:00,24.41,54,0,18.9
2026-07-12,Home,2026-07-12T09:01:00+00:00,24.86,53,0,20.05
2026-07-12,Home,2026-07-12T09:30:50+00:00,25.31,52,0,21.97
2026-07-12,Home,2026-07-12T10:00:59+00:00,25.62,51,0,21.97
2026-07-12,Home,2026-07-12T10:30:56+00:00,25.9,51,0,23.83
2026-07-12,Home,2026-07-12T11:00:56+00:00,26.24,50,0,23.83
2026-07-12,Home,2026-07-12T11:30:53+00:00,26.65,48,0,25.75
2026-07-12,Home,2026-07-12T12:00:59+00:00,26.9,48,0,25.75
2026-07-12,Home,2026-07-12T12:30:52+00:00,26.92,49,0,27.11
2026-07-12,Home,2026-07-12T13:00:57+00:00,27.06,50,0,27.11
2026-07-12,Home,2026-07-12T13:30:53+00:00,26.98,49,0,28.09
2026-07-12,Home,2026-07-12T14:01:00+00:00,26.87,49,0,28.09
2026-07-12,Home,2026-07-12T14:30:55+00:00,26.83,49,0,28.73
2026-07-12,Home,2026-07-12T15:00:59+00:00,26.86,49,0,28.73
2026-07-12,Home,2026-07-12T15:30:53+00:00,26.96,49,0,28.97
2026-07-12,Home,2026-07-12T16:01:01+00:00,27.26,50,0,28.97
2026-07-12,Home,2026-07-12T16:30:52+00:00,27.54,50,0,28.6
2026-07-12,Home,2026-07-12T17:00:58+00:00,27.68,50,0,28.6
2026-07-12,Home,2026-07-12T17:30:56+00:00,27.55,49,0,27.65
2026-07-12,Home,2026-07-12T18:01:01+00:00,27.37,46,0,27.65
2026-07-12,Home,2026-07-12T18:30:54+00:00,27.16,42,0,27.65
2026-07-12,Home,2026-07-12T19:01:02+00:00,26.86,38,0,26.48
2026-07-12,Home,2026-07-12T19:30:53+00:00,26.39,38,0,26.48
2026-07-12,Home,2026-07-12T20:01:02+00:00,25.89,37,0,24.53
2026-07-12,Home,2026-07-12T20:30:57+00:00,25.47,38,0,22.33
2026-07-12,Home,2026-07-12T21:01:00+00:00,24.98,39,0,22.33
2026-07-12,Home,2026-07-12T21:30:54+00:00,24.94,41,0,20.41
2026-07-12,Home,2026-07-12T22:01:05+00:00,25.24,42,0,20.41
2026-07-12,Home,2026-07-12T22:30:54+00:00,25.4,42,0,18.74
2026-07-12,Home,2026-07-12T23:00:59+00:00,25.47,42,0,18.74
2026-07-12,Home,2026-07-12T23:30:58+00:00,25.46,42,0,17.22
2026-07-13,Home,2026-07-13T00:01:02+00:00,25.4,42,0,17.22
2026-07-13,Home,2026-07-13T00:30:55+00:00,25.36,42,0,16.05
2026-07-13,Home,2026-07-13T01:01:08+00:00,25.28,42,0,16.05
2026-07-13,Home,2026-07-13T01:30:57+00:00,25.2,43,0,14.98
2026-07-13,Home,2026-07-13T02:00:59+00:00,25.12,44,0,14.98
2026-07-13,Home,2026-07-13T02:30:55+00:00,25.04,45,0,14.48
2026-07-13,Home,2026-07-13T03:01:03+00:00,24.92,45,0,14.48
2026-07-13,Home,2026-07-13T03:30:52+00:00,24.85,46,0,14.63
2026-07-13,Home,2026-07-13T04:01:00+00:00,24.78,46,0,14.63
2026-07-13,Home,2026-07-13T04:31:08+00:00,24.69,46,0,14.01
2026-07-13,Home,2026-07-13T05:00:59+00:00,24.6,46,0,14.01
2026-07-13,Home,2026-07-13T05:30:56+00:00,24.14,44,0,13.66
2026-07-13,Home,2026-07-13T06:01:00+00:00,23.08,45,0,13.66
2026-07-13,Home,2026-07-13T06:30:58+00:00,22.5,47,0,14.59
2026-07-13,Home,2026-07-13T07:01:02+00:00,22.5,48,0,14.59
2026-07-13,Home,2026-07-13T07:30:56+00:00,22.55,49,0,14.59
2026-07-13,Home,2026-07-13T08:01:07+00:00,22.55,51,0,15.14
2026-07-13,Home,2026-07-13T08:30:54+00:00,22.59,52,0,15.14
2026-07-13,Home,2026-07-13T09:00:59+00:00,22.59,52,0,15.57
2026-07-13,Home,2026-07-13T09:30:59+00:00,22.64,53,0,16.64
2026-07-13,Home,2026-07-13T10:01:09+00:00,22.79,53,0,16.64
2026-07-13,Home,2026-07-13T10:30:56+00:00,23.0,52,0,18.26
2026-07-13,Home,2026-07-13T11:01:01+00:00,23.14,52,0,18.26
2026-07-13,Home,2026-07-13T11:30:53+00:00,23.33,52,0,18.64
2026-07-13,Home,2026-07-13T12:01:00+00:00,23.63,53,0,18.64
2026-07-13,Home,2026-07-13T12:30:55+00:00,23.84,52,0,19.22
2026-07-13,Home,2026-07-13T13:01:03+00:00,23.95,51,0,19.22
2026-07-13,Home,2026-07-13T13:32:13+00:00,24.14,52,0,21.13
2026-07-13,Home,2026-07-13T14:01:05+00:00,24.28,51,0,21.13
2026-07-13,Home,2026-07-13T14:31:56+00:00,24.39,51,0,22.84
2026-07-13,Home,2026-07-13T15:01:08+00:00,24.55,50,0,22.84
2026-07-13,Home,2026-07-13T15:31:02+00:00,24.77,50,0,24.7
2026-07-13,Home,2026-07-13T16:01:04+00:00,24.99,49,0,24.7
2026-07-13,Home,2026-07-13T16:30:59+00:00,25.27,48,0,25.81
2026-07-13,Home,2026-07-13T17:01:06+00:00,25.36,47,0,25.81
2026-07-13,Home,2026-07-13T17:30:58+00:00,25.25,47,0,25.78
2026-07-13,Home,2026-07-13T18:01:08+00:00,25.17,47,0,25.78
2026-07-13,Home,2026-07-13T18:30:57+00:00,25.02,49,0,24.8
2026-07-13,Home,2026-07-13T19:01:11+00:00,24.86,51,0,24.8
2026-07-13,Home,2026-07-13T19:31:02+00:00,24.51,52,0,24.8
2026-07-13,Home,2026-07-13T20:01:03+00:00,24.26,53,0,23.23
2026-07-13,Home,2026-07-13T20:31:04+00:00,23.87,52,0,21.31
2026-07-13,Home,2026-07-13T21:01:01+00:00,23.69,51,0,21.31
2026-07-13,Home,2026-07-13T21:30:57+00:00,23.98,51,0,19.56
2026-07-13,Home,2026-07-13T22:01:08+00:00,24.16,51,0,19.56
2026-07-13,Home,2026-07-13T22:30:55+00:00,24.17,51,0,18.73
2026-07-13,Home,2026-07-13T23:00:57+00:00,24.15,52,0,18.73
2026-07-13,Home,2026-07-13T23:30:53+00:00,24.11,52,0,17.49
2026-07-14,Home,2026-07-14T00:01:02+00:00,24.06,53,0,17.49
2026-07-14,Home,2026-07-14T00:30:58+00:00,23.98,53,0,17.49
2026-07-14,Home,2026-07-14T01:01:00+00:00,23.92,53,0,16.33
2026-07-14,Home,2026-07-14T01:30:55+00:00,23.87,52,0,15.06
2026-07-14,Home,2026-07-14T02:00:59+00:00,23.83,52,0,15.06
2026-07-14,Home,2026-07-14T02:30:56+00:00,23.75,52,0,14.01
2026-07-14,Home,2026-07-14T03:01:05+00:00,23.67,51,0,14.01
2026-07-14,Home,2026-07-14T03:30:55+00:00,23.58,51,0,13.24
2026-07-14,Home,2026-07-14T04:00:59+00:00,23.49,51,0,13.24
2026-07-14,Home,2026-07-14T04:30:53+00:00,23.44,51,0,13.66
2026-07-14,Home,2026-07-14T05:01:01+00:00,23.39,52,0,13.66
2026-07-14,Home,2026-07-14T05:31:04+00:00,23.35,52,0,14.19
2026-07-14,Home,2026-07-14T06:01:01+00:00,23.35,52,0,14.19
2026-07-14,Home,2026-07-14T06:30:52+00:00,23.34,52,0,14.72
2026-07-14,Home,2026-07-14T07:01:02+00:00,23.37,52,0,14.72
2026-07-14,Home,2026-07-14T07:30:57+00:00,23.49,52,0,14.72
2026-07-14,Home,2026-07-14T08:01:00+00:00,23.51,52,0,15.58
2026-07-14,Home,2026-07-14T08:30:57+00:00,23.54,50,0,15.58
2026-07-14,Home,2026-07-14T09:01:04+00:00,23.74,50,0,17.24
2026-07-14,Home,2026-07-14T09:30:56+00:00,23.96,50,0,19.29
2026-07-14,Home,2026-07-14T10:01:09+00:00,24.16,51,0,19.29
2026-07-14,Home,2026-07-14T10:30:55+00:00,24.3,51,0,20.68
2026-07-14,Home,2026-07-14T11:01:00+00:00,24.55,51,0,20.68
2026-07-14,Home,2026-07-14T11:30:56+00:00,24.65,51,0,21.39
2026-07-14,Home,2026-07-14T12:00:59+00:00,24.84,51,0,21.39
2026-07-14,Home,2026-07-14T12:30:55+00:00,24.94,52,0,22.81
2026-07-14,Home,2026-07-14T13:01:09+00:00,25.15,52,0,22.81
2026-07-14,Home,2026-07-14T13:34:31+00:00,25.27,52,0,24.79
2026-07-14,Home,2026-07-14T14:01:06+00:00,25.37,51,0,24.79
2026-07-14,Home,2026-07-14T14:30:57+00:00,25.42,52,0,25.85
2026-07-14,Home,2026-07-14T15:01:02+00:00,25.6,51,0,25.85
2026-07-14,Home,2026-07-14T15:30:58+00:00,25.82,51,0,26.79
2026-07-14,Home,2026-07-14T16:01:07+00:00,25.96,50,0,26.79
2026-07-14,Home,2026-07-14T16:30:58+00:00,26.11,50,0,27.16
2026-07-14,Home,2026-07-14T17:01:06+00:00,26.24,49,0,27.16
2026-07-14,Home,2026-07-14T17:30:57+00:00,26.12,49,0,26.82
2026-07-14,Home,2026-07-14T18:01:02+00:00,25.94,51,0,26.82
2026-07-14,Home,2026-07-14T18:30:56+00:00,25.88,50,0,26.25
2026-07-14,Home,2026-07-14T19:00:58+00:00,25.81,50,0,26.25
2026-07-14,Home,2026-07-14T19:30:53+00:00,25.53,49,0,26.25
2026-07-14,Home,2026-07-14T20:01:02+00:00,25.37,50,0,24.97
2026-07-14,Home,2026-07-14T20:30:56+00:00,25.06,51,0,23.21
2026-07-14,Home,2026-07-14T21:01:02+00:00,24.6,53,0,23.21
2026-07-14,Home,2026-07-14T21:31:00+00:00,24.52,54,0,21.0
2026-07-14,Home,2026-07-14T22:01:08+00:00,24.72,53,0,21.0
2026-07-14,Home,2026-07-14T22:31:02+00:00,24.8,53,0,18.93
2026-07-14,Home,2026-07-14T23:01:04+00:00,24.82,53,0,18.93
2026-07-14,Home,2026-07-14T23:30:53+00:00,24.82,53,0,17.15
2026-07-15,Home,2026-07-15T00:01:03+00:00,24.73,53,0,17.15
2026-07-15,Home,2026-07-15T00:30:57+00:00,24.66,53,0,15.99
2026-07-15,Home,2026-07-15T01:00:59+00:00,24.59,53,0,15.99
2026-07-15,Home,2026-07-15T01:30:53+00:00,24.55,53,0,16.06
2026-07-15,Home,2026-07-15T02:01:01+00:00,24.4,53,0,16.06
2026-07-15,Home,2026-07-15T02:30:54+00:00,24.35,53,0,15.14
2026-07-15,Home,2026-07-15T03:01:05+00:00,24.24,54,0,15.14
2026-07-15,Home,2026-07-15T03:30:54+00:00,24.17,54,0,14.83
2026-07-15,Home,2026-07-15T04:01:04+00:00,24.06,54,0,14.83
2026-07-15,Home,2026-07-15T04:30:53+00:00,23.98,54,0,14.86
2026-07-15,Home,2026-07-15T05:01:04+00:00,23.92,54,0,14.86
2026-07-15,Home,2026-07-15T05:30:53+00:00,23.88,55,0,15.62
2026-07-15,Home,2026-07-15T06:00:57+00:00,23.88,55,0,15.62
2026-07-15,Home,2026-07-15T06:30:53+00:00,23.34,57,0,16.28
2026-07-15,Home,2026-07-15T07:01:01+00:00,23.42,57,0,16.28
2026-07-15,Home,2026-07-15T07:30:55+00:00,23.41,57,0,16.89
2026-07-15,Home,2026-07-15T08:00:58+00:00,23.37,57,0,16.89
2026-07-15,Home,2026-07-15T08:30:55+00:00,23.36,57,0,16.89
2026-07-15,Home,2026-07-15T09:01:03+00:00,23.43,58,0,17.48
2026-07-15,Home,2026-07-15T09:30:55+00:00,23.62,57,0,18.18
2026-07-15,Home,2026-07-15T10:01:08+00:00,23.84,56,0,18.18
2026-07-15,Home,2026-07-15T10:30:56+00:00,23.98,56,0,19.72
2026-07-15,Home,2026-07-15T11:01:02+00:00,24.21,56,0,19.72
2026-07-15,Home,2026-07-15T11:30:54+00:00,24.38,55,0,21.62
2026-07-15,Home,2026-07-15T12:01:00+00:00,24.61,54,0,21.62
2026-07-15,Home,2026-07-15T12:30:55+00:00,24.77,53,0,22.75
2026-07-15,Home,2026-07-15T13:01:01+00:00,24.89,53,0,22.75
2026-07-15,Home,2026-07-15T13:30:55+00:00,24.98,52,0,22.75
2026-07-15,Home,2026-07-15T14:01:05+00:00,25.14,51,0,24.47
2026-07-15,Home,2026-07-15T14:30:55+00:00,25.28,51,0,26.04
2026-07-15,Home,2026-07-15T15:01:07+00:00,25.37,49,0,26.04
2026-07-15,Home,2026-07-15T15:31:00+00:00,25.43,48,0,26.72
2026-07-15,Home,2026-07-15T16:01:04+00:00,25.48,47,0,26.72
2026-07-15,Home,2026-07-15T16:30:54+00:00,25.73,46,0,27.21
2026-07-15,Home,2026-07-15T17:01:02+00:00,25.81,45,0,27.21
2026-07-15,Home,2026-07-15T17:31:00+00:00,25.78,44,0,27.17
2026-07-15,Home,2026-07-15T18:01:00+00:00,25.69,45,0,27.17
2026-07-15,Home,2026-07-15T18:31:00+00:00,25.67,45,0,26.35
2026-07-15,Home,2026-07-15T19:01:02+00:00,25.53,45,0,26.35
2026-07-15,Home,2026-07-15T19:30:57+00:00,25.44,46,0,26.35
2026-07-15,Home,2026-07-15T20:01:02+00:00,25.39,47,0,25.01
2026-07-15,Home,2026-07-15T20:30:56+00:00,25.11,47,0,23.38
2026-07-15,Home,2026-07-15T21:01:04+00:00,24.78,49,0,23.38
2026-07-15,Home,2026-07-15T21:30:56+00:00,24.53,50,0,21.19
2026-07-15,Home,2026-07-15T22:01:06+00:00,24.74,50,0,21.19
2026-07-15,Home,2026-07-15T22:30:54+00:00,24.81,50,0,19.55
2026-07-15,Home,2026-07-15T23:01:01+00:00,24.81,50,0,19.55
2026-07-15,Home,2026-07-15T23:30:55+00:00,24.8,50,0,17.81
2026-07-16,Home,2026-07-16T00:01:01+00:00,24.72,51,0,17.81
2026-07-16,Home,2026-07-16T00:30:51+00:00,24.6,51,0,16.28
2026-07-16,Home,2026-07-16T01:01:09+00:00,24.51,51,0,16.28
2026-07-16,Home,2026-07-16T01:30:53+00:00,24.4,51,0,14.92
2026-07-16,Home,2026-07-16T02:01:01+00:00,24.34,51,0,14.92
2026-07-16,Home,2026-07-16T02:30:54+00:00,24.26,52,0,13.71
2026-07-16,Home,2026-07-16T03:01:02+00:00,24.15,52,0,13.71
2026-07-16,Home,2026-07-16T03:30:51+00:00,24.02,53,0,14.05
2026-07-16,Home,2026-07-16T04:01:03+00:00,23.91,53,0,14.05
2026-07-16,Home,2026-07-16T04:30:55+00:00,23.84,53,0,14.19
2026-07-16,Home,2026-07-16T05:01:05+00:00,23.77,53,0,14.19
2026-07-16,Home,2026-07-16T05:30:58+00:00,23.67,53,0,14.26
2026-07-16,Home,2026-07-16T06:01:05+00:00,23.64,53,0,14.26
2026-07-16,Home,2026-07-16T06:30:57+00:00,23.27,54,0,14.26
2026-07-16,Home,2026-07-16T07:01:05+00:00,23.26,54,0,14.81
2026-07-16,Home,2026-07-16T07:30:55+00:00,23.33,54,0,16.03
2026-07-16,Home,2026-07-16T10:01:37+00:00,24.34,53,0,20.54
2026-07-16,Home,2026-07-16T10:30:54+00:00,24.52,52,0,22.85
2026-07-16,Home,2026-07-16T11:01:07+00:00,24.86,50,0,22.85
2026-07-16,Home,2026-07-16T11:30:59+00:00,25.17,48,0,24.76
2026-07-16,Home,2026-07-16T12:01:00+00:00,25.38,46,0,24.76
2026-07-16,Home,2026-07-16T12:31:02+00:00,25.59,45,0,26.35
2026-07-16,Home,2026-07-16T13:01:02+00:00,25.79,41,0,26.35
2026-07-16,Home,2026-07-16T13:30:56+00:00,25.87,40,0,27.34
2026-07-16,Home,2026-07-16T14:01:06+00:00,25.9,39,0,27.34
2026-07-16,Home,2026-07-16T14:30:59+00:00,25.92,37,0,28.24
2026-07-16,Home,2026-07-16T15:00:55+00:00,26.02,38,0,28.24
2026-07-16,Home,2026-07-16T15:30:50+00:00,26.06,38,0,28.06
2026-07-16,Home,2026-07-16T16:01:06+00:00,26.09,39,0,28.06
2026-07-16,Home,2026-07-16T16:30:43+00:00,26.24,39,0,28.36
2026-07-16,Home,2026-07-16T17:00:56+00:00,26.34,40,0,28.36
2026-07-16,Home,2026-07-16T17:30:48+00:00,26.32,39,0,27.64
2026-07-16,Home,2026-07-16T18:00:53+00:00,26.32,39,0,27.64
2026-07-16,Home,2026-07-16T18:30:52+00:00,26.28,39,0,27.15
2026-07-16,Home,2026-07-16T19:00:55+00:00,26.15,39,0,27.15
2026-07-16,Home,2026-07-16T19:30:47+00:00,25.98,39,0,27.15
2026-07-16,Home,2026-07-16T20:00:52+00:00,25.85,39,0,25.97
2026-07-16,Home,2026-07-16T20:30:44+00:00,25.55,39,0,23.88
2026-07-16,Home,2026-07-16T21:00:52+00:00,25.28,38,0,23.88
2026-07-16,Home,2026-07-16T21:30:48+00:00,25.43,40,0,22.11
2026-07-16,Home,2026-07-16T22:01:01+00:00,25.49,41,0,22.11
2026-07-16,Home,2026-07-16T22:30:44+00:00,25.49,41,0,20.73
2026-07-16,Home,2026-07-16T23:00:53+00:00,25.42,41,0,20.73
2026-07-16,Home,2026-07-16T23:30:45+00:00,25.39,41,0,18.56
2026-07-17,Home,2026-07-17T00:00:59+00:00,25.36,41,0,18.56
2026-07-17,Home,2026-07-17T00:30:48+00:00,25.33,42,0,17.16
2026-07-17,Home,2026-07-17T01:00:56+00:00,25.2,43,0,17.16
2026-07-17,Home,2026-07-17T01:30:44+00:00,25.09,44,0,15.09
2026-07-17,Home,2026-07-17T02:00:53+00:00,24.91,44,0,15.09
2026-07-17,Home,2026-07-17T02:30:43+00:00,24.81,44,0,14.38
2026-07-17,Home,2026-07-17T03:00:54+00:00,24.68,45,0,14.38
2026-07-17,Home,2026-07-17T03:30:44+00:00,24.58,45,0,13.44
2026-07-17,Home,2026-07-17T04:01:00+00:00,24.45,46,0,13.44
2026-07-17,Home,2026-07-17T04:30:45+00:00,24.35,46,0,12.96
2026-07-17,Home,2026-07-17T05:00:55+00:00,24.3,46,0,12.96
2026-07-17,Home,2026-07-17T05:30:42+00:00,24.17,46,0,12.6
2026-07-17,Home,2026-07-17T06:00:52+00:00,24.13,47,0,12.6
2026-07-17,Home,2026-07-17T06:30:45+00:00,23.56,48,0,12.6
2026-07-17,Home,2026-07-17T07:00:58+00:00,22.86,50,0,14.76
2026-07-17,Home,2026-07-17T07:30:44+00:00,22.26,52,0,14.76
2026-07-17,Home,2026-07-17T08:00:51+00:00,22.38,53,0,16.73
2026-07-17,Home,2026-07-17T08:30:45+00:00,22.76,53,0,18.75
2026-07-17,Home,2026-07-17T09:01:00+00:00,23.07,53,0,18.75
2026-07-17,Home,2026-07-17T09:30:45+00:00,23.29,53,0,20.38
2026-07-17,Home,2026-07-17T10:00:52+00:00,23.64,52,0,20.38
2026-07-17,Home,2026-07-17T10:30:47+00:00,23.9,50,0,21.99
2026-07-17,Home,2026-07-17T11:00:55+00:00,24.11,49,0,21.99
2026-07-17,Home,2026-07-17T11:30:44+00:00,24.35,49,0,23.56
2026-07-17,Home,2026-07-17T12:00:52+00:00,24.67,48,0,23.56
2026-07-17,Home,2026-07-17T12:30:43+00:00,24.93,48,0,25.44
2026-07-17,Home,2026-07-17T13:00:51+00:00,25.18,48,0,25.44
2026-07-17,Home,2026-07-17T13:30:43+00:00,25.29,47,0,27.67
2026-07-17,Home,2026-07-17T14:00:55+00:00,25.37,47,0,27.67
2026-07-17,Home,2026-07-17T14:30:43+00:00,25.49,46,0,28.29
2026-07-17,Home,2026-07-17T15:00:53+00:00,25.57,47,0,28.29
2026-07-17,Home,2026-07-17T15:30:48+00:00,25.65,45,0,28.26
2026-07-17,Home,2026-07-17T16:00:53+00:00,25.71,45,0,28.26
2026-07-17,Home,2026-07-17T16:30:46+00:00,25.85,45,0,28.28
2026-07-17,Home,2026-07-17T17:00:52+00:00,26.09,46,0,28.28
2026-07-17,Home,2026-07-17T17:30:47+00:00,26.12,43,0,27.86
2026-07-17,Home,2026-07-17T18:00:52+00:00,26.12,41,0,27.86
2026-07-17,Home,2026-07-17T18:30:48+00:00,26.01,42,0,26.77
2026-07-17,Home,2026-07-17T19:00:51+00:00,25.92,43,0,26.77
2026-07-17,Home,2026-07-17T19:30:44+00:00,25.85,43,0,25.26
2026-07-17,Home,2026-07-17T20:00:53+00:00,25.45,42,0,25.26
2026-07-17,Home,2026-07-17T20:30:43+00:00,25.18,43,0,23.02
2026-07-17,Home,2026-07-17T21:00:54+00:00,24.8,43,0,23.02
2026-07-17,Home,2026-07-17T21:30:48+00:00,24.59,43,0,20.79
2026-07-17,Home,2026-07-17T22:00:55+00:00,24.77,44,0,20.79
2026-07-17,Home,2026-07-17T22:30:44+00:00,24.86,44,0,18.84
2026-07-17,Home,2026-07-17T23:00:55+00:00,24.9,44,0,18.84
2026-07-17,Home,2026-07-17T23:30:45+00:00,24.89,45,0,17.4
2026-07-18,Home,2026-07-18T00:00:56+00:00,24.86,45,0,17.4
2026-07-18,Home,2026-07-18T00:30:40+00:00,24.82,45,0,16.07
2026-07-18,Home,2026-07-18T01:00:52+00:00,24.78,46,0,16.07
2026-07-18,Home,2026-07-18T01:30:44+00:00,24.68,47,0,16.55
2026-07-18,Home,2026-07-18T02:00:51+00:00,24.56,47,0,16.55
2026-07-18,Home,2026-07-18T02:30:45+00:00,24.47,48,0,14.2
2026-07-18,Home,2026-07-18T03:00:52+00:00,24.41,48,0,14.2
2026-07-18,Home,2026-07-18T03:30:38+00:00,24.33,49,0,12.91
2026-07-18,Home,2026-07-18T04:00:48+00:00,24.21,49,0,12.91
2026-07-18,Home,2026-07-18T04:30:42+00:00,24.1,50,0,12.14
2026-07-18,Home,2026-07-18T05:00:50+00:00,24.01,50,0,12.14
2026-07-18,Home,2026-07-18T05:30:54+00:00,23.92,50,0,12.14
2026-07-18,Home,2026-07-18T06:00:48+00:00,23.87,50,0,14.58
2026-07-18,Home,2026-07-18T06:30:40+00:00,23.86,49,0,14.58
2026-07-18,Home,2026-07-18T07:00:47+00:00,22.16,49,0,14.75
2026-07-18,Home,2026-07-18T07:30:39+00:00,21.42,51,0,14.75
2026-07-18,Home,2026-07-18T08:00:46+00:00,21.51,51,0,15.13
2026-07-18,Home,2026-07-18T08:30:39+00:00,21.92,50,0,15.13
2026-07-18,Home,2026-07-18T09:00:49+00:00,22.49,48,0,15.97
2026-07-18,Home,2026-07-18T09:30:40+00:00,22.83,47,0,18.48
2026-07-18,Home,2026-07-18T10:00:48+00:00,23.15,47,0,18.48
2026-07-18,Home,2026-07-18T10:30:44+00:00,23.47,46,0,20.16
2026-07-18,Home,2026-07-18T11:00:48+00:00,23.86,46,0,20.16
2026-07-18,Home,2026-07-18T11:30:43+00:00,24.16,45,0,21.67
2026-07-18,Home,2026-07-18T12:00:48+00:00,24.32,45,0,21.67
2026-07-18,Home,2026-07-18T12:30:39+00:00,24.42,44,0,23.71
2026-07-18,Home,2026-07-18T13:00:49+00:00,24.58,45,0,23.71
2026-07-18,Home,2026-07-18T13:30:41+00:00,24.78,44,0,23.55
2026-07-18,Home,2026-07-18T14:00:50+00:00,24.9,44,0,23.55
2026-07-18,Home,2026-07-18T14:30:41+00:00,25.08,44,0,23.12
2026-07-18,Home,2026-07-18T15:00:48+00:00,25.2,44,0,23.12
2026-07-18,Home,2026-07-18T15:30:46+00:00,25.32,43,0,23.76
2026-07-18,Home,2026-07-18T16:00:51+00:00,25.31,44,0,23.76
2026-07-18,Home,2026-07-18T16:30:39+00:00,25.32,44,0,23.59
2026-07-18,Home,2026-07-18T17:00:53+00:00,25.27,44,0,23.59
2026-07-18,Home,2026-07-18T17:30:40+00:00,25.16,44,0,23.71
2026-07-18,Home,2026-07-18T18:00:50+00:00,25.08,44,0,23.71
2026-07-18,Home,2026-07-18T18:30:39+00:00,24.88,43,0,22.8
2026-07-18,Home,2026-07-18T19:00:49+00:00,24.46,44,0,22.8
2026-07-18,Home,2026-07-18T19:30:42+00:00,24.13,44,0,22.8
2026-07-18,Home,2026-07-18T20:00:49+00:00,23.83,45,0,21.33
2026-07-18,Home,2026-07-18T20:30:40+00:00,23.66,45,0,20.85
2026-07-18,Home,2026-07-18T21:00:47+00:00,23.47,45,0,20.85
2026-07-18,Home,2026-07-18T21:30:41+00:00,23.59,45,0,18.41
2026-07-18,Home,2026-07-18T22:00:53+00:00,23.72,45,0,18.41
2026-07-18,Home,2026-07-18T22:30:43+00:00,23.85,45,0,17.46
2026-07-18,Home,2026-07-18T23:00:50+00:00,23.87,45,0,17.46
2026-07-18,Home,2026-07-18T23:30:42+00:00,23.88,45,0,15.96
2026-07-19,Home,2026-07-19T00:00:55+00:00,23.87,44,0,15.96
2026-07-19,Home,2026-07-19T00:30:41+00:00,23.82,45,0,15.22
2026-07-19,Home,2026-07-19T01:00:51+00:00,23.75,44,0,15.22
2026-07-19,Home,2026-07-19T01:30:42+00:00,23.76,45,0,13.96
2026-07-19,Home,2026-07-19T02:00:53+00:00,23.69,46,0,13.96
2026-07-19,Home,2026-07-19T02:30:41+00:00,23.54,46,0,12.93
2026-07-19,Home,2026-07-19T03:00:50+00:00,23.42,47,0,12.93
2026-07-19,Home,2026-07-19T03:30:43+00:00,23.3,48,0,11.73
2026-07-19,Home,2026-07-19T04:00:48+00:00,23.2,48,0,11.73
2026-07-19,Home,2026-07-19T04:30:39+00:00,23.08,48,0,10.21
2026-07-19,Home,2026-07-19T05:00:49+00:00,22.95,48,0,10.21
2026-07-19,Home,2026-07-19T05:30:40+00:00,22.89,47,0,10.0
2026-07-19,Home,2026-07-19T06:00:52+00:00,22.85,47,0,10.0
2026-07-19,Home,2026-07-19T06:30:42+00:00,22.86,47,0,10.0
2026-07-19,Home,2026-07-19T07:00:48+00:00,22.88,46,0,10.89
2026-07-19,Home,2026-07-19T07:30:44+00:00,22.43,42,0,10.89
2026-07-19,Home,2026-07-19T08:00:48+00:00,21.62,44,0,14.37
2026-07-19,Home,2026-07-19T08:30:38+00:00,21.37,45,0,16.09
2026-07-19,Home,2026-07-19T09:00:48+00:00,21.63,45,0,16.09
2026-07-19,Home,2026-07-19T09:30:41+00:00,21.92,45,0,17.42
2026-07-19,Home,2026-07-19T10:00:47+00:00,22.24,45,0,17.42
2026-07-19,Home,2026-07-19T10:30:39+00:00,22.43,44,0,19.2
2026-07-19,Home,2026-07-19T11:00:50+00:00,22.69,44,0,19.2
2026-07-19,Home,2026-07-19T11:30:41+00:00,23.08,45,0,20.56
2026-07-19,Home,2026-07-19T12:00:45+00:00,23.18,44,0,20.56
2026-07-19,Home,2026-07-19T12:30:41+00:00,23.33,43,0,21.55
2026-07-19,Home,2026-07-19T13:00:47+00:00,23.63,42,0,21.55
2026-07-19,Home,2026-07-19T13:30:38+00:00,23.79,41,0,22.25
2026-07-19,Home,2026-07-19T14:00:52+00:00,23.98,40,0,22.25
2026-07-19,Home,2026-07-19T14:30:41+00:00,24.18,38,0,22.83
2026-07-19,Home,2026-07-19T15:00:50+00:00,24.31,38,0,22.83
2026-07-19,Home,2026-07-19T15:30:39+00:00,24.37,37,0,23.32
2026-07-19,Home,2026-07-19T16:00:47+00:00,24.54,36,0,23.32
2026-07-19,Home,2026-07-19T16:30:40+00:00,24.65,36,0,23.74
2026-07-19,Home,2026-07-19T17:00:50+00:00,24.74,34,0,23.74
2026-07-19,Home,2026-07-19T17:30:42+00:00,24.57,33,0,23.43
2026-07-19,Home,2026-07-19T18:00:46+00:00,24.41,33,0,23.43
2026-07-19,Home,2026-07-19T18:30:44+00:00,24.15,34,0,23.04
2026-07-19,Home,2026-07-19T19:00:53+00:00,23.86,35,0,23.04
2026-07-19,Home,2026-07-19T19:30:41+00:00,23.56,34,0,23.04
2026-07-19,Home,2026-07-19T20:00:46+00:00,23.23,34,0,21.54
2026-07-19,Home,2026-07-19T20:30:43+00:00,23.19,35,0,19.31
2026-07-19,Home,2026-07-19T21:00:53+00:00,23.28,35,0,19.31
2026-07-19,Home,2026-07-19T21:30:43+00:00,23.33,35,0,16.94
2026-07-19,Home,2026-07-19T22:00:52+00:00,23.36,36,0,16.94
2026-07-19,Home,2026-07-19T22:30:43+00:00,23.37,36,0,13.97
2026-07-19,Home,2026-07-19T23:00:49+00:00,23.34,37,0,13.97
2026-07-19,Home,2026-07-19T23:30:45+00:00,23.31,37,0,12.8
2026-07-20,Home,2026-07-20T00:00:55+00:00,23.3,37,0,12.8
2026-07-20,Home,2026-07-20T01:00:55+00:00,23.15,39,0,13.44
2026-07-20,Home,2026-07-20T01:30:43+00:00,23.11,40,0,13.44
2026-07-20,Home,2026-07-20T02:00:52+00:00,22.93,41,0,11.68
2026-07-20,Home,2026-07-20T02:30:43+00:00,22.86,41,0,10.39
2026-07-20,Home,2026-07-20T03:00:50+00:00,22.79,42,0,10.39
2026-07-20,Home,2026-07-20T03:30:40+00:00,22.68,43,0,8.65
2026-07-20,Home,2026-07-20T04:00:49+00:00,22.54,43,0,8.65
2026-07-20,Home,2026-07-20T04:30:44+00:00,22.4,43,0,8.09
2026-07-20,Home,2026-07-20T05:00:55+00:00,22.3,43,0,8.09
2026-07-20,Home,2026-07-20T05:30:40+00:00,22.19,43,0,7.93
2026-07-20,Home,2026-07-20T06:00:49+00:00,22.11,44,0,7.93
2026-07-20,Home,2026-07-20T06:30:43+00:00,22.12,45,0,7.93
2026-07-20,Home,2026-07-20T07:00:48+00:00,21.62,44,0,9.49
2026-07-20,Home,2026-07-20T07:30:40+00:00,21.33,45,0,9.49
2026-07-20,Home,2026-07-20T08:00:52+00:00,21.25,45,0,12.61
2026-07-20,Home,2026-07-20T08:30:40+00:00,21.53,44,0,15.58
2026-07-20,Home,2026-07-20T09:00:50+00:00,21.85,43,0,15.58
2026-07-20,Home,2026-07-20T09:30:40+00:00,22.2,42,0,18.68
2026-07-20,Home,2026-07-20T10:00:46+00:00,22.5,38,0,18.68
2026-07-20,Home,2026-07-20T10:30:39+00:00,22.77,37,0,20.96
2026-07-20,Home,2026-07-20T11:00:49+00:00,23.01,36,0,20.96
2026-07-20,Home,2026-07-20T11:30:44+00:00,23.28,36,0,22.54
2026-07-20,Home,2026-07-20T12:00:50+00:00,23.43,34,0,22.54
2026-07-20,Home,2026-07-20T12:30:39+00:00,23.54,34,0,23.7
2026-07-20,Home,2026-07-20T13:00:48+00:00,23.68,33,0,23.7
2026-07-20,Home,2026-07-20T13:30:40+00:00,23.75,34,0,24.92
2026-07-20,Home,2026-07-20T14:00:52+00:00,23.8,33,0,24.92
2026-07-20,Home,2026-07-20T14:30:41+00:00,23.93,34,0,25.45
2026-07-20,Home,2026-07-20T15:00:54+00:00,24.14,34,0,25.45
2026-07-20,Home,2026-07-20T15:30:44+00:00,24.19,36,0,26.34
2026-07-20,Home,2026-07-20T16:00:53+00:00,24.69,34,0,26.34
2026-07-20,Home,2026-07-20T16:30:44+00:00,24.84,34,0,26.63
2026-07-20,Home,2026-07-20T17:00:52+00:00,24.83,34,0,26.63
2026-07-20,Home,2026-07-20T17:30:44+00:00,24.65,34,0,26.25
2026-07-20,Home,2026-07-20T18:00:53+00:00,24.54,34,0,26.25
2026-07-20,Home,2026-07-20T18:30:39+00:00,24.47,35,0,25.48
2026-07-20,Home,2026-07-20T19:00:50+00:00,24.42,38,0,25.48
2026-07-20,Home,2026-07-20T19:30:40+00:00,24.43,38,0,25.48
2026-07-20,Home,2026-07-20T20:00:53+00:00,24.48,39,0,24.5
2026-07-20,Home,2026-07-20T20:30:43+00:00,24.47,39,0,22.77
2026-07-20,Home,2026-07-20T21:00:50+00:00,24.37,39,0,22.77
2026-07-20,Home,2026-07-20T21:30:42+00:00,24.25,40,0,19.14
2026-07-20,Home,2026-07-20T22:00:50+00:00,24.15,40,0,19.14
2026-07-20,Home,2026-07-20T22:30:41+00:00,24.05,40,0,17.2
2026-07-20,Home,2026-07-20T23:00:53+00:00,23.93,41,0,17.2
2026-07-20,Home,2026-07-20T23:30:39+00:00,23.88,41,0,17.54
2026-07-21,Home,2026-07-21T00:00:54+00:00,23.83,41,0,17.54
2026-07-21,Home,2026-07-21T00:30:40+00:00,23.73,41,0,15.71
2026-07-21,Home,2026-07-21T01:00:51+00:00,23.61,41,0,15.71
2026-07-21,Home,2026-07-21T01:30:40+00:00,23.52,42,0,13.86
2026-07-21,Home,2026-07-21T02:00:48+00:00,23.4,43,0,13.86
2026-07-21,Home,2026-07-21T02:30:55+00:00,23.32,43,0,12.28
2026-07-21,Home,2026-07-21T03:00:58+00:00,23.22,44,0,12.28
2026-07-21,Home,2026-07-21T03:30:38+00:00,23.1,45,0,11.48
2026-07-21,Home,2026-07-21T04:00:47+00:00,23.02,45,0,11.48
2026-07-21,Home,2026-07-21T04:30:43+00:00,22.89,45,0,10.57
2026-07-21,Home,2026-07-21T05:00:51+00:00,22.81,46,0,10.57
2026-07-21,Home,2026-07-21T05:30:41+00:00,22.75,47,0,10.05
2026-07-21,Home,2026-07-21T06:00:45+00:00,22.74,47,0,10.05
2026-07-21,Home,2026-07-21T06:30:40+00:00,22.73,48,0,12.67
2026-07-21,Home,2026-07-21T07:00:52+00:00,22.79,48,0,12.67
2026-07-21,Home,2026-07-21T07:30:42+00:00,21.82,50,0,12.67
2026-07-21,Home,2026-07-21T08:00:51+00:00,21.58,51,0,15.95
2026-07-21,Home,2026-07-21T08:30:41+00:00,21.71,51,0,15.95
2026-07-21,Home,2026-07-21T09:00:49+00:00,21.86,52,0,17.59
2026-07-21,Home,2026-07-21T09:30:41+00:00,22.12,51,0,19.07
2026-07-21,Home,2026-07-21T10:00:51+00:00,22.29,51,0,19.07
2026-07-21,Home,2026-07-21T10:30:42+00:00,22.43,49,0,21.1
2026-07-21,Home,2026-07-21T11:00:50+00:00,22.55,49,0,21.1
2026-07-21,Home,2026-07-21T11:30:42+00:00,22.85,49,0,21.1
2026-07-21,Home,2026-07-21T12:00:48+00:00,23.11,48,0,22.28
2026-07-21,Home,2026-07-21T12:30:40+00:00,23.4,48,0,22.86
2026-07-21,Home,2026-07-21T13:00:51+00:00,23.6,47,0,22.86
2026-07-21,Home,2026-07-21T13:30:53+00:00,23.79,47,0,22.86
2026-07-21,Home,2026-07-21T14:00:48+00:00,23.88,47,0,24.95
2026-07-21,Home,2026-07-21T14:30:43+00:00,23.96,46,0,25.56
2026-07-21,Home,2026-07-21T15:01:01+00:00,23.99,46,0,25.56
2026-07-21,Home,2026-07-21T15:30:46+00:00,24.1,46,0,25.89
2026-07-21,Home,2026-07-21T16:00:53+00:00,24.16,46,0,25.89
2026-07-21,Home,2026-07-21T16:30:44+00:00,24.3,46,0,26.36
2026-07-21,Home,2026-07-21T17:00:55+00:00,24.41,46,0,26.36
2026-07-21,Home,2026-07-21T17:30:40+00:00,24.44,46,0,26.34
2026-07-21,Home,2026-07-21T18:00:50+00:00,24.43,45,0,26.34
2026-07-21,Home,2026-07-21T18:30:48+00:00,24.4,46,0,26.34
2026-07-21,Home,2026-07-21T19:00:53+00:00,24.37,46,0,26.59
2026-07-21,Home,2026-07-21T19:30:41+00:00,24.39,47,0,24.32
2026-07-21,Home,2026-07-21T20:00:46+00:00,24.56,48,0,24.32
2026-07-21,Home,2026-07-21T20:30:44+00:00,24.42,47,0,22.05
2026-07-21,Home,2026-07-21T21:00:48+00:00,23.99,51,0,22.05
2026-07-21,Home,2026-07-21T21:30:40+00:00,23.85,51,0,18.28
2026-07-21,Home,2026-07-21T22:00:54+00:00,23.84,51,0,18.28
2026-07-21,Home,2026-07-21T22:30:47+00:00,23.91,50,0,17.15
2026-07-21,Home,2026-07-21T23:00:49+00:00,23.94,50,0,17.15
2026-07-21,Home,2026-07-21T23:30:45+00:00,23.93,50,0,16.22
2026-07-22,Home,2026-07-22T00:00:52+00:00,23.88,50,0,16.22
2026-07-22,Home,2026-07-22T00:30:41+00:00,23.84,50,0,16.22
2026-07-22,Home,2026-07-22T01:00:53+00:00,23.78,51,0,14.82
2026-07-22,Home,2026-07-22T01:30:41+00:00,23.66,51,0,13.5
2026-07-22,Home,2026-07-22T02:00:49+00:00,23.57,51,0,13.5
2026-07-22,Home,2026-07-22T02:30:43+00:00,23.47,51,0,12.7
2026-07-22,Home,2026-07-22T03:00:52+00:00,23.39,51,0,12.7
2026-07-22,Home,2026-07-22T03:30:39+00:00,23.32,51,0,13.92
2026-07-22,Home,2026-07-22T04:00:49+00:00,23.23,52,0,13.92
2026-07-22,Home,2026-07-22T04:30:48+00:00,23.12,52,0,12.54
2026-07-22,Home,2026-07-22T05:00:51+00:00,23.05,52,0,12.54
2026-07-22,Home,2026-07-22T05:30:44+00:00,22.95,52,0,11.75
2026-07-22,Home,2026-07-22T06:00:49+00:00,22.91,52,0,11.75
2026-07-22,Home,2026-07-22T06:30:40+00:00,22.18,53,0,11.75
2026-07-22,Home,2026-07-22T07:00:48+00:00,21.63,55,0,13.16
2026-07-22,Home,2026-07-22T07:30:48+00:00,20.92,58,0,13.16
2026-07-22,Home,2026-07-22T08:00:48+00:00,20.89,58,0,15.93
2026-07-22,Home,2026-07-22T08:30:39+00:00,21.09,57,0,15.93
2026-07-22,Home,2026-07-22T09:00:56+00:00,21.4,56,0,17.9
2026-07-22,Home,2026-07-22T09:30:41+00:00,21.7,55,0,17.9
2026-07-22,Home,2026-07-22T10:00:50+00:00,22.28,54,0,19.25
2026-07-22,Home,2026-07-22T10:30:42+00:00,22.76,53,0,20.43
2026-07-22,Home,2026-07-22T11:00:48+00:00,23.16,51,0,20.43
2026-07-22,Home,2026-07-22T11:30:41+00:00,23.28,51,0,20.43
2026-07-22,Home,2026-07-22T12:00:48+00:00,23.39,51,0,20.59
2026-07-22,Home,2026-07-22T12:30:40+00:00,23.63,50,0,21.56
2026-07-22,Home,2026-07-22T13:00:51+00:00,23.83,49,0,21.56
2026-07-22,Home,2026-07-22T13:30:39+00:00,23.86,49,0,22.9
2026-07-22,Home,2026-07-22T14:00:54+00:00,23.9,49,0,22.9
2026-07-22,Home,2026-07-22T14:30:46+00:00,23.94,49,0,23.67
2026-07-22,Home,2026-07-22T15:00:53+00:00,23.99,48,0,23.67
2026-07-22,Home,2026-07-22T15:30:43+00:00,24.07,48,0,24.88
2026-07-22,Home,2026-07-22T16:00:52+00:00,24.13,48,0,24.88
2026-07-22,Home,2026-07-22T16:30:42+00:00,24.27,48,0,25.04
2026-07-22,Home,2026-07-22T17:00:56+00:00,24.37,48,0,25.04
2026-07-22,Home,2026-07-22T17:30:43+00:00,24.4,48,0,24.81
2026-07-22,Home,2026-07-22T18:00:46+00:00,24.37,48,0,24.81
2026-07-22,Home,2026-07-22T18:30:40+00:00,24.34,48,0,24.81
2026-07-22,Home,2026-07-22T19:00:49+00:00,24.32,48,0,24.08
2026-07-22,Home,2026-07-22T19:30:40+00:00,24.28,48,0,23.17
2026-07-22,Home,2026-07-22T20:00:49+00:00,24.08,49,0,23.17
2026-07-22,Home,2026-07-22T20:30:40+00:00,23.78,50,0,20.57
2026-07-22,Home,2026-07-22T21:00:51+00:00,23.42,51,0,20.57
2026-07-22,Home,2026-07-22T21:30:44+00:00,23.74,50,0,20.57
2026-07-22,Home,2026-07-22T22:00:53+00:00,23.84,50,0,18.12
2026-07-22,Home,2026-07-22T22:30:46+00:00,23.85,50,0,16.86
2026-07-22,Home,2026-07-22T23:00:49+00:00,23.82,50,0,16.86
2026-07-22,Home,2026-07-22T23:30:43+00:00,23.83,50,0,16.86
2026-07-23,Home,2026-07-23T00:00:53+00:00,23.83,50,0,16.66
2026-07-23,Home,2026-07-23T00:30:41+00:00,23.73,50,0,16.36
2026-07-23,Home,2026-07-23T01:00:51+00:00,23.65,50,0,16.36
2026-07-23,Home,2026-07-23T01:30:41+00:00,23.53,51,0,16.36
2026-07-23,Home,2026-07-23T02:00:49+00:00,23.46,51,0,17.64
2026-07-23,Home,2026-07-23T02:30:41+00:00,23.4,51,0,14.21
2026-07-23,Home,2026-07-23T03:00:50+00:00,23.35,52,0,14.21
2026-07-23,Home,2026-07-23T03:30:42+00:00,23.32,52,0,13.17
2026-07-23,Home,2026-07-23T04:00:51+00:00,23.27,53,0,13.17
2026-07-23,Home,2026-07-23T04:30:43+00:00,23.2,53,0,12.75
2026-07-23,Home,2026-07-23T05:00:55+00:00,23.15,54,0,12.75
2026-07-23,Home,2026-07-23T05:30:40+00:00,23.11,54,0,12.39
2026-07-23,Home,2026-07-23T06:00:52+00:00,23.07,54,0,12.39
2026-07-23,Home,2026-07-23T06:30:41+00:00,23.06,55,0,12.39
2026-07-23,Home,2026-07-23T07:00:56+00:00,22.26,57,0,13.62
2026-07-23,Home,2026-07-23T07:30:38+00:00,21.68,58,0,16.15
2026-07-23,Home,2026-07-23T08:00:48+00:00,21.58,59,0,16.15
2026-07-23,Home,2026-07-23T08:47:06+00:00,21.81,59,0,17.95
2026-07-23,Home,2026-07-23T09:00:55+00:00,21.9,58,0,17.95
2026-07-23,Home,2026-07-23T09:30:41+00:00,22.21,57,0,20.15
2026-07-23,Home,2026-07-23T10:00:52+00:00,22.43,56,0,20.15
2026-07-23,Home,2026-07-23T10:30:43+00:00,22.76,56,0,22.34
2026-07-23,Home,2026-07-23T11:00:49+00:00,23.06,54,0,22.34
2026-07-23,Home,2026-07-23T11:30:41+00:00,23.24,54,0,23.58
2026-07-23,Home,2026-07-23T12:00:51+00:00,23.64,51,0,23.58
2026-07-23,Home,2026-07-23T12:30:41+00:00,23.91,50,0,23.58
2026-07-23,Home,2026-07-23T13:00:51+00:00,24.04,48,0,24.42
2026-07-23,Home,2026-07-23T13:31:14+00:00,24.13,49,0,24.96
2026-07-23,Home,2026-07-23T14:00:58+00:00,24.21,49,0,24.96
2026-07-23,Home,2026-07-23T14:30:51+00:00,24.23,49,0,25.68
2026-07-23,Home,2026-07-23T15:00:49+00:00,24.23,49,0,25.68
2026-07-23,Home,2026-07-23T15:30:43+00:00,24.33,49,0,25.68
2026-07-23,Home,2026-07-23T16:00:54+00:00,24.39,48,0,26.43
2026-07-23,Home,2026-07-23T16:30:42+00:00,24.54,48,0,26.88
2026-07-23,Home,2026-07-23T17:00:55+00:00,24.63,48,0,26.88
2026-07-23,Home,2026-07-23T17:30:41+00:00,24.64,49,0,26.17
2026-07-23,Home,2026-07-23T18:00:52+00:00,24.65,49,0,26.17
2026-07-23,Home,2026-07-23T18:30:45+00:00,24.68,49,0,26.17
2026-07-23,Home,2026-07-23T19:00:51+00:00,24.67,49,0,25.59
2026-07-23,Home,2026-07-23T19:30:40+00:00,24.65,47,0,25.59
2026-07-23,Home,2026-07-23T20:00:47+00:00,24.49,49,0,24.09
2026-07-23,Home,2026-07-23T20:30:40+00:00,24.29,50,0,24.09
2026-07-23,Home,2026-07-23T21:00:50+00:00,23.87,51,0,22.06
2026-07-23,Home,2026-07-23T21:30:43+00:00,24.15,51,0,19.6
2026-07-23,Home,2026-07-23T22:00:56+00:00,24.23,50,0,19.6
2026-07-23,Home,2026-07-23T22:30:40+00:00,24.2,49,0,17.75
2026-07-23,Home,2026-07-23T23:00:54+00:00,24.12,48,0,17.75
2026-07-23,Home,2026-07-23T23:30:41+00:00,24.07,48,0,17.75
2026-07-24,Home,2026-07-24T00:00:58+00:00,23.96,49,0,16.66
2026-07-24,Home,2026-07-24T00:30:42+00:00,23.87,49,0,16.66
2026-07-24,Home,2026-07-24T01:00:51+00:00,23.83,50,0,15.31
2026-07-24,Home,2026-07-24T01:30:46+00:00,23.77,50,0,14.38
2026-07-24,Home,2026-07-24T02:00:53+00:00,23.68,51,0,14.38
2026-07-24,Home,2026-07-24T02:30:41+00:00,23.59,51,0,14.38
2026-07-24,Home,2026-07-24T03:00:52+00:00,23.48,51,0,13.7
2026-07-24,Home,2026-07-24T03:30:41+00:00,23.36,52,0,13.34
2026-07-24,Home,2026-07-24T04:00:48+00:00,23.29,52,0,13.34
2026-07-24,Home,2026-07-24T04:30:41+00:00,23.24,52,0,12.37
2026-07-24,Home,2026-07-24T05:00:50+00:00,23.13,52,0,12.37
2026-07-24,Home,2026-07-24T05:30:41+00:00,23.05,52,0,11.9
2026-07-24,Home,2026-07-24T06:00:52+00:00,23.03,52,0,11.9
2026-07-24,Home,2026-07-24T06:30:40+00:00,22.87,53,0,11.9
2026-07-24,Home,2026-07-24T07:00:53+00:00,22.72,53,0,13.47
2026-07-24,Home,2026-07-24T07:30:41+00:00,21.85,55,0,16.21
2026-07-24,Home,2026-07-24T08:00:51+00:00,21.56,56,0,16.21
2026-07-24,Home,2026-07-24T08:30:41+00:00,21.8,55,0,16.21
2026-07-24,Home,2026-07-24T09:00:53+00:00,21.86,54,0,18.27
2026-07-24,Home,2026-07-24T09:30:44+00:00,22.19,54,0,19.79
2026-07-24,Home,2026-07-24T10:00:50+00:00,22.36,54,0,19.79
2026-07-24,Home,2026-07-24T10:30:39+00:00,22.64,53,0,21.56
2026-07-24,Home,2026-07-24T11:01:24+00:00,22.81,53,0,21.56
2026-07-24,Home,2026-07-24T11:30:43+00:00,22.9,53,0,21.56
2026-07-24,Home,2026-07-24T12:00:55+00:00,23.05,52,0,22.97
2026-07-24,Home,2026-07-24T12:30:39+00:00,23.12,52,0,23.98
2026-07-24,Home,2026-07-24T13:00:56+00:00,23.33,52,0,23.98
2026-07-24,Home,2026-07-24T13:30:43+00:00,23.55,50,0,25.48
2026-07-24,Home,2026-07-24T14:00:50+00:00,23.84,50,0,25.48
2026-07-24,Home,2026-07-24T14:30:39+00:00,24.39,47,0,25.48
2026-07-24,Home,2026-07-24T15:00:49+00:00,24.54,47,0,24.99
2026-07-24,Home,2026-07-24T15:30:40+00:00,24.63,48,0,25.44
2026-07-24,Home,2026-07-24T16:00:52+00:00,24.74,48,0,25.44
2026-07-24,Home,2026-07-24T16:37:50+00:00,24.89,48,0,25.2
2026-07-24,Home,2026-07-24T17:00:52+00:00,24.93,47,0,25.2
2026-07-24,Home,2026-07-24T17:30:43+00:00,24.87,47,0,25.08
2026-07-24,Home,2026-07-24T18:00:56+00:00,24.82,46,0,25.08
2026-07-24,Home,2026-07-24T18:30:41+00:00,24.77,45,0,25.08
2026-07-24,Home,2026-07-24T19:00:49+00:00,24.62,42,0,24.81
2026-07-24,Home,2026-07-24T19:30:43+00:00,24.38,43,0,23.83
2026-07-24,Home,2026-07-24T20:00:49+00:00,24.14,44,0,23.83
2026-07-24,Home,2026-07-24T20:30:39+00:00,23.88,46,0,21.67
2026-07-24,Home,2026-07-24T21:00:46+00:00,23.64,48,0,21.67
2026-07-24,Home,2026-07-24T21:30:39+00:00,23.88,48,0,19.19
2026-07-24,Home,2026-07-24T22:00:55+00:00,24.0,48,0,19.19
2026-07-24,Home,2026-07-24T22:30:39+00:00,24.01,48,0,17.11
2026-07-24,Home,2026-07-24T23:00:47+00:00,23.92,48,0,17.11
2026-07-24,Home,2026-07-24T23:30:41+00:00,23.88,48,0,17.11
2026-07-25,Home,2026-07-25T00:00:54+00:00,23.81,48,0,15.16
2026-07-25,Home,2026-07-25T00:30:41+00:00,23.67,48,0,13.03
2026-07-25,Home,2026-07-25T01:00:50+00:00,23.56,48,0,13.03
2026-07-25,Home,2026-07-25T01:30:41+00:00,23.49,48,0,13.03
2026-07-25,Home,2026-07-25T02:00:51+00:00,23.38,49,0,11.82
2026-07-25,Home,2026-07-25T02:30:38+00:00,23.3,49,0,11.82
2026-07-25,Home,2026-07-25T03:00:53+00:00,23.23,49,0,11.0
2026-07-25,Home,2026-07-25T03:30:43+00:00,23.11,49,0,10.35
2026-07-25,Home,2026-07-25T04:00:50+00:00,23.01,49,0,10.35
2026-07-25,Home,2026-07-25T04:30:44+00:00,22.89,49,0,9.97
2026-07-25,Home,2026-07-25T05:00:54+00:00,22.86,50,0,9.97
2026-07-25,Home,2026-07-25T05:30:42+00:00,22.81,50,0,10.22
2026-07-25,Home,2026-07-25T06:00:49+00:00,22.79,51,0,10.22
2026-07-25,Home,2026-07-25T06:30:43+00:00,22.82,51,0,10.22
2026-07-25,Home,2026-07-25T07:00:52+00:00,22.87,52,0,13.03
2026-07-25,Home,2026-07-25T07:30:40+00:00,22.93,51,0,14.03
2026-07-25,Home,2026-07-25T08:00:45+00:00,22.8,50,0,14.03
2026-07-25,Home,2026-07-25T08:30:41+00:00,22.79,50,0,14.03
2026-07-25,Home,2026-07-25T09:00:50+00:00,22.89,50,0,17.89
2026-07-25,Home,2026-07-25T09:30:40+00:00,23.12,51,0,20.71
2026-07-25,Home,2026-07-25T10:00:48+00:00,23.44,51,0,20.71
2026-07-25,Home,2026-07-25T10:30:40+00:00,23.75,50,0,22.86
2026-07-25,Home,2026-07-25T11:00:49+00:00,24.02,49,0,22.86
2026-07-25,Home,2026-07-25T13:12:14+00:00,24.79,45,0,25.17
2026-07-25,Home,2026-07-25T13:30:41+00:00,25.04,42,0,25.77
2026-07-25,Home,2026-07-25T14:00:51+00:00,25.09,41,0,25.77
2026-07-25,Home,2026-07-25T14:30:43+00:00,25.15,41,0,25.81
2026-07-25,Home,2026-07-25T15:00:48+00:00,25.18,40,0,25.81
2026-07-25,Home,2026-07-25T15:30:41+00:00,25.49,40,0,25.81
2026-07-25,Home,2026-07-25T16:00:48+00:00,25.8,37,0,25.9
2026-07-25,Home,2026-07-25T16:30:43+00:00,25.88,39,0,26.42
2026-07-25,Home,2026-07-25T17:00:49+00:00,25.68,42,0,26.42
2026-07-25,Home,2026-07-25T17:30:38+00:00,25.28,45,0,24.14
2026-07-25,Home,2026-07-25T18:00:51+00:00,24.95,45,0,24.14
2026-07-25,Home,2026-07-25T18:30:42+00:00,24.7,46,0,24.14
2026-07-25,Home,2026-07-25T19:00:48+00:00,24.37,48,0,22.25
2026-07-25,Home,2026-07-25T19:30:40+00:00,24.16,50,0,22.25
2026-07-25,Home,2026-07-25T20:00:48+00:00,23.89,51,0,21.05
2026-07-25,Home,2026-07-25T20:30:41+00:00,23.2,53,0,19.44
2026-07-25,Home,2026-07-25T21:00:51+00:00,22.61,55,0,19.44
2026-07-25,Home,2026-07-25T21:30:40+00:00,23.12,54,0,19.16
2026-07-25,Home,2026-07-25T22:00:51+00:00,23.37,54,0,19.16
2026-07-25,Home,2026-07-25T22:30:43+00:00,23.6,53,0,18.05
2026-07-25,Home,2026-07-25T23:00:48+00:00,23.73,53,0,18.05
2026-07-25,Home,2026-07-25T23:30:42+00:00,23.76,53,0,17.94
2026-07-26,Home,2026-07-26T00:00:54+00:00,23.79,53,0,17.94
2026-07-26,Home,2026-07-26T00:30:44+00:00,23.77,54,0,17.59
2026-07-26,Home,2026-07-26T01:00:51+00:00,23.77,54,0,17.59
2026-07-26,Home,2026-07-26T01:30:42+00:00,23.76,55,0,18.17
2026-07-26,Home,2026-07-26T02:00:47+00:00,23.74,56,0,18.17
2026-07-26,Home,2026-07-26T02:30:38+00:00,23.74,58,0,18.45
2026-07-26,Home,2026-07-26T03:00:49+00:00,23.72,59,0,18.45
2026-07-26,Home,2026-07-26T03:30:45+00:00,23.73,59,0,18.75
2026-07-26,Home,2026-07-26T04:00:46+00:00,23.72,60,0,18.75
2026-07-26,Home,2026-07-26T04:30:42+00:00,23.73,60,0,18.76
2026-07-26,Home,2026-07-26T05:00:52+00:00,23.72,61,0,18.76
2026-07-26,Home,2026-07-26T05:30:42+00:00,23.71,61,0,18.79
2026-07-26,Home,2026-07-26T06:00:46+00:00,23.68,62,0,18.79
2026-07-26,Home,2026-07-26T06:30:40+00:00,23.67,63,0,18.79
2026-07-26,Home,2026-07-26T07:00:47+00:00,23.67,63,0,18.47
2026-07-26,Home,2026-07-26T07:30:37+00:00,23.67,61,0,18.47
2026-07-26,Home,2026-07-26T08:00:47+00:00,22.64,60,0,19.26
2026-07-26,Home,2026-07-26T08:30:42+00:00,22.29,60,0,19.26
2026-07-26,Home,2026-07-26T09:00:48+00:00,22.03,59,0,19.42
2026-07-26,Home,2026-07-26T09:30:40+00:00,22.32,59,0,21.01
2026-07-26,Home,2026-07-26T10:00:54+00:00,22.62,56,0,21.01
2026-07-26,Home,2026-07-26T10:30:41+00:00,22.75,55,0,21.37
2026-07-26,Home,2026-07-26T11:00:49+00:00,22.89,52,0,21.37
2026-07-26,Home,2026-07-26T11:30:37+00:00,23.16,51,0,22.56
2026-07-26,Home,2026-07-26T12:00:45+00:00,23.28,49,0,22.56
2026-07-26,Home,2026-07-26T12:30:37+00:00,23.3,47,0,23.02
2026-07-26,Home,2026-07-26T13:00:47+00:00,23.3,47,0,23.02
2026-07-26,Home,2026-07-26T13:30:39+00:00,23.4,47,0,23.02
2026-07-26,Home,2026-07-26T14:00:48+00:00,23.41,48,0,23.06
2026-07-26,Home,2026-07-26T14:30:43+00:00,23.5,47,0,22.39
2026-07-26,Home,2026-07-26T15:00:50+00:00,23.65,46,0,22.39
2026-07-26,Home,2026-07-26T15:30:41+00:00,23.79,46,0,22.46
2026-07-26,Home,2026-07-26T16:00:48+00:00,23.93,45,0,22.46
2026-07-26,Home,2026-07-26T16:30:39+00:00,23.95,45,0,21.98
2026-07-26,Home,2026-07-26T17:00:47+00:00,23.86,44,0,21.98
2026-07-26,Home,2026-07-26T17:30:42+00:00,23.49,43,0,21.15
2026-07-26,Home,2026-07-26T18:00:45+00:00,23.18,43,0,21.15
2026-07-26,Home,2026-07-26T18:30:42+00:00,22.87,45,0,21.15
2026-07-26,Home,2026-07-26T19:00:50+00:00,22.63,47,0,20.08
2026-07-26,Home,2026-07-26T19:30:39+00:00,22.51,48,0,20.08
2026-07-26,Home,2026-07-26T20:00:54+00:00,22.38,50,0,19.27
2026-07-26,Home,2026-07-26T20:30:37+00:00,22.23,51,0,18.34
2026-07-26,Home,2026-07-26T21:00:47+00:00,22.05,51,0,18.34
2026-07-26,Home,2026-07-26T21:30:43+00:00,22.29,52,0,17.53
2026-07-26,Home,2026-07-26T22:00:51+00:00,22.42,51,0,17.53
2026-07-26,Home,2026-07-26T22:30:42+00:00,22.6,51,0,17.25
2026-07-26,Home,2026-07-26T23:00:46+00:00,22.69,51,0,17.25
2026-07-26,Home,2026-07-26T23:30:41+00:00,22.7,51,0,17.05
2026-07-27,Home,2026-07-27T00:00:51+00:00,22.66,51,0,17.05
2026-07-27,Home,2026-07-27T00:30:40+00:00,22.63,51,0,17.05
2026-07-27,Home,2026-07-27T01:00:49+00:00,22.6,52,0,16.57
2026-07-27,Home,2026-07-27T01:30:42+00:00,22.59,52,0,16.57
2026-07-27,Home,2026-07-27T02:00:50+00:00,22.55,52,0,15.79
2026-07-27,Home,2026-07-27T08:03:11+00:00,21.99,48,0,16.6
2026-07-27,Home,2026-07-27T08:30:39+00:00,21.81,49,0,16.6
2026-07-27,Home,2026-07-27T09:00:49+00:00,21.74,49,0,17.52
2026-07-27,Home,2026-07-27T09:30:42+00:00,21.69,49,0,17.52
2026-07-27,Home,2026-07-27T10:00:50+00:00,21.63,50,0,17.91
2026-07-27,Home,2026-07-27T10:30:43+00:00,21.67,51,0,19.0
2026-07-27,Home,2026-07-27T11:00:50+00:00,21.77,51,0,19.0
2026-07-27,Home,2026-07-27T11:30:43+00:00,21.97,51,0,19.0
2026-07-27,Home,2026-07-27T12:00:56+00:00,22.31,50,0,20.05
2026-07-27,Home,2026-07-27T12:30:42+00:00,22.57,49,0,21.08
2026-07-27,Home,2026-07-27T13:00:54+00:00,22.8,49,0,21.08
2026-07-27,Home,2026-07-27T13:30:42+00:00,22.96,48,0,23.75
2026-07-27,Home,2026-07-27T14:00:54+00:00,23.16,48,0,23.75
2026-07-27,Home,2026-07-27T14:30:41+00:00,23.29,48,0,24.72
2026-07-27,Home,2026-07-27T15:00:52+00:00,23.47,49,0,24.72
2026-07-27,Home,2026-07-27T15:30:45+00:00,23.58,50,0,24.72
2026-07-27,Home,2026-07-27T16:00:51+00:00,23.67,51,0,24.72
2026-07-27,Home,2026-07-27T16:30:42+00:00,23.78,52,0,24.64
2026-07-27,Home,2026-07-27T17:00:53+00:00,23.85,53,0,24.64
2026-07-27,Home,2026-07-27T17:30:42+00:00,23.87,54,0,23.55
2026-07-27,Home,2026-07-27T18:01:05+00:00,23.83,55,0,23.55
2026-07-27,Home,2026-07-27T18:30:47+00:00,23.68,56,0,23.55
2026-07-27,Home,2026-07-27T19:00:52+00:00,23.47,58,0,23.85
2026-07-27,Home,2026-07-27T19:30:41+00:00,23.28,60,0,22.25
2026-07-27,Home,2026-07-27T20:00:47+00:00,23.16,62,0,22.25
2026-07-27,Home,2026-07-27T20:30:51+00:00,23.41,61,0,20.81
2026-07-27,Home,2026-07-27T21:00:59+00:00,23.61,61,0,20.81
2026-07-27,Home,2026-07-27T21:30:43+00:00,23.74,61,0,20.01
2026-07-27,Home,2026-07-27T22:00:52+00:00,23.67,60,0,20.01
2026-07-27,Home,2026-07-27T22:30:43+00:00,23.59,60,0,19.34
2026-07-27,Home,2026-07-27T23:01:02+00:00,23.52,60,0,19.34
2026-07-28,Home,2026-07-28T06:30:49+00:00,23.07,63,0,17.64
2026-07-28,Home,2026-07-28T07:00:50+00:00,23.08,63,0,18.23
2026-07-28,Home,2026-07-28T07:30:43+00:00,22.68,66,0,18.23
2026-07-28,Home,2026-07-28T08:00:58+00:00,22.42,67,0,19.53
2026-07-28,Home,2026-07-28T08:30:39+00:00,22.38,68,0,19.53
2026-07-28,Home,2026-07-28T09:01:00+00:00,22.46,68,0,19.61
2026-07-28,Home,2026-07-28T09:30:44+00:00,22.65,67,0,20.49
2026-07-28,Home,2026-07-28T10:00:49+00:00,22.88,66,0,20.49
2026-07-28,Home,2026-07-28T10:30:48+00:00,23.09,65,0,23.09
2026-07-28,Home,2026-07-28T11:00:52+00:00,23.2,65,0,23.09
2026-07-28,Home,2026-07-28T11:30:46+00:00,23.38,64,0,23.09
2026-07-28,Home,2026-07-28T12:00:59+00:00,23.55,63,0,23.48
2026-07-28,Home,2026-07-28T12:30:42+00:00,23.76,63,0,24.51
2026-07-28,Home,2026-07-28T13:00:54+00:00,23.89,63,0,24.51
2026-07-28,Home,2026-07-28T13:30:55+00:00,23.94,62,0,24.51
2026-07-28,Home,2026-07-28T14:01:00+00:00,23.99,62,0,25.11
2026-07-28,Home,2026-07-28T14:30:42+00:00,24.01,61,0,25.3
2026-07-28,Home,2026-07-28T15:01:04+00:00,24.09,61,0,25.3
2026-07-28,Home,2026-07-28T15:30:42+00:00,24.16,59,0,25.81
2026-07-28,Home,2026-07-28T16:00:53+00:00,24.17,59,0,25.81
2026-07-28,Home,2026-07-28T16:30:50+00:00,24.17,58,0,25.19
2026-07-28,Home,2026-07-28T17:00:50+00:00,24.22,58,0,25.19
2026-07-28,Home,2026-07-28T17:30:49+00:00,24.27,58,0,25.36
2026-07-28,Home,2026-07-28T18:00:51+00:00,24.27,58,0,25.36
2026-07-28,Home,2026-07-28T18:30:43+00:00,24.28,58,0,25.36
2026-07-28,Home,2026-07-28T19:00:51+00:00,24.33,60,0,25.3
2026-07-28,Home,2026-07-28T19:30:42+00:00,24.36,60,0,25.3
2026-07-28,Home,2026-07-28T20:00:57+00:00,24.5,60,0,25.32
2026-07-28,Home,2026-07-28T20:30:49+00:00,24.59,60,0,22.02
2026-07-28,Home,2026-07-28T21:00:48+00:00,24.57,62,0,22.02
2026-07-28,Home,2026-07-28T21:30:57+00:00,24.36,64,0,20.1
2026-07-28,Home,2026-07-28T22:00:59+00:00,24.37,63,0,20.1
2026-07-28,Home,2026-07-28T22:30:42+00:00,24.34,63,0,19.66
2026-07-28,Home,2026-07-28T23:01:01+00:00,24.29,63,0,19.66
2026-07-28,Home,2026-07-28T23:30:52+00:00,24.25,63,0,19.68
2026-07-29,Home,2026-07-29T00:00:52+00:00,24.21,63,0,19.68
2026-07-29,Home,2026-07-29T00:30:42+00:00,24.14,63,0,19.68
2026-07-29,Home,2026-07-29T01:00:55+00:00,24.11,63,0,19.16
2026-07-29,Home,2026-07-29T01:30:45+00:00,24.05,63,0,18.32
2026-07-29,Home,2026-07-29T02:00:54+00:00,23.96,62,0,18.32
2026-07-29,Home,2026-07-29T02:30:48+00:00,23.87,61,0,17.52
2026-07-29,Home,2026-07-29T03:01:00+00:00,23.84,61,0,17.52
2026-07-29,Home,2026-07-29T03:30:42+00:00,23.77,61,0,16.63
2026-07-29,Home,2026-07-29T04:00:50+00:00,23.69,61,0,16.63
2026-07-29,Home,2026-07-29T04:30:44+00:00,23.63,60,0,15.68
2026-07-29,Home,2026-07-29T05:00:53+00:00,23.57,60,0,15.68
2026-07-29,Home,2026-07-29T05:30:43+00:00,23.5,62,0,16.01
2026-07-29,Home,2026-07-29T06:00:58+00:00,23.48,62,0,16.01
2026-07-29,Home,2026-07-29T06:30:49+00:00,23.36,65,0,16.01
2026-07-29,Home,2026-07-29T07:00:54+00:00,22.64,69,0,17.0
2026-07-29,Home,2026-07-29T07:30:42+00:00,22.37,69,0,18.74
2026-07-29,Home,2026-07-29T08:00:49+00:00,22.35,70,0,18.74
2026-07-29,Home,2026-07-29T08:30:42+00:00,22.57,69,0,18.74
2026-07-29,Home,2026-07-29T09:01:00+00:00,22.8,68,0,20.07
2026-07-29,Home,2026-07-29T09:30:53+00:00,22.96,66,0,21.97
2026-07-29,Home,2026-07-29T10:01:01+00:00,23.25,65,0,21.97
2026-07-29,Home,2026-07-29T10:30:44+00:00,23.56,63,0,23.8
2026-07-29,Home,2026-07-29T11:01:02+00:00,23.91,59,0,23.8
2026-07-29,Home,2026-07-29T11:30:48+00:00,24.23,59,0,23.8
2026-07-29,Home,2026-07-29T12:00:58+00:00,24.54,57,0,25.68
2026-07-29,Home,2026-07-29T12:30:50+00:00,24.71,58,0,25.68
2026-07-29,Home,2026-07-29T13:00:57+00:00,24.78,57,0,27.16
2026-07-29,Home,2026-07-29T13:30:46+00:00,24.82,56,0,27.16
2026-07-29,Home,2026-07-29T14:00:54+00:00,24.86,55,0,28.57
2026-07-29,Home,2026-07-29T14:30:49+00:00,24.88,55,0,28.57
2026-07-29,Home,2026-07-29T15:01:09+00:00,24.9,55,0,28.31
2026-07-29,Home,2026-07-29T15:30:51+00:00,24.91,55,0,28.51
2026-07-29,Home,2026-07-29T16:00:56+00:00,25.0,55,0,28.51
2026-07-29,Home,2026-07-29T16:30:50+00:00,25.08,56,0,28.29
2026-07-29,Home,2026-07-29T17:01:03+00:00,25.18,56,0,28.29
2026-07-29,Home,2026-07-29T17:30:42+00:00,25.21,55,0,27.53
2026-07-29,Home,2026-07-29T18:00:57+00:00,25.22,55,0,27.53
2026-07-29,Home,2026-07-29T18:30:47+00:00,25.21,55,0,27.53
2026-07-29,Home,2026-07-29T19:00:56+00:00,25.15,53,0,26.15
2026-07-29,Home,2026-07-29T19:30:45+00:00,24.89,53,0,24.08
2026-07-29,Home,2026-07-29T20:00:55+00:00,24.57,54,0,24.08
2026-07-29,Home,2026-07-29T20:30:48+00:00,24.26,54,0,21.95
2026-07-29,Home,2026-07-29T21:00:51+00:00,23.86,55,0,21.95
2026-07-29,Home,2026-07-29T21:30:51+00:00,23.77,56,0,19.77
2026-07-29,Home,2026-07-29T22:00:52+00:00,23.87,56,0,19.77
2026-07-29,Home,2026-07-29T22:30:47+00:00,24.13,56,0,18.06
2026-07-29,Home,2026-07-29T23:00:59+00:00,24.25,55,0,18.06
2026-07-29,Home,2026-07-29T23:30:45+00:00,24.27,55,0,17.14
2026-07-30,Home,2026-07-30T00:00:52+00:00,24.29,55,0,17.14
2026-07-30,Home,2026-07-30T00:30:44+00:00,24.27,56,0,16.62
2026-07-30,Home,2026-07-30T01:00:54+00:00,24.25,56,0,16.62
2026-07-30,Home,2026-07-30T01:30:43+00:00,24.17,56,0,16.62
2026-07-30,Home,2026-07-30T02:00:59+00:00,24.12,56,0,18.13
2026-07-30,Home,2026-07-30T02:30:40+00:00,24.04,56,0,15.89
2026-07-30,Home,2026-07-30T03:00:55+00:00,23.98,56,0,15.89
2026-07-30,Home,2026-07-30T03:30:44+00:00,23.91,56,0,15.43
2026-07-30,Home,2026-07-30T04:00:51+00:00,23.88,57,0,15.43
2026-07-30,Home,2026-07-30T04:30:43+00:00,23.84,57,0,16.36
2026-07-30,Home,2026-07-30T05:00:53+00:00,23.81,57,0,16.36
2026-07-30,Home,2026-07-30T05:30:51+00:00,23.77,58,0,16.28
2026-07-30,Home,2026-07-30T06:00:54+00:00,23.78,59,0,16.28
2026-07-30,Home,2026-07-30T06:30:49+00:00,23.44,61,0,16.28
2026-07-30,Home,2026-07-30T07:00:53+00:00,22.91,61,0,17.36
2026-07-30,Home,2026-07-30T07:30:40+00:00,22.83,61,0,18.89
2026-07-30,Home,2026-07-30T08:00:53+00:00,23.01,60,0,18.89
2026-07-30,Home,2026-07-30T08:30:43+00:00,23.3,59,0,18.89
2026-07-30,Home,2026-07-30T09:00:52+00:00,23.34,58,0,21.11
2026-07-30,Home,2026-07-30T09:30:47+00:00,23.44,58,0,21.11
2026-07-30,Home,2026-07-30T10:00:51+00:00,23.76,58,0,21.11
2026-07-30,Home,2026-07-30T10:30:41+00:00,24.03,56,0,21.7
2026-07-30,Home,2026-07-30T11:00:59+00:00,24.18,55,0,21.7
2026-07-30,Home,2026-07-30T11:30:42+00:00,24.31,55,0,22.2
2026-07-30,Home,2026-07-30T12:00:50+00:00,24.35,55,0,22.2
2026-07-30,Home,2026-07-30T12:30:44+00:00,24.37,56,0,21.76
2026-07-30,Home,2026-07-30T13:00:55+00:00,24.36,56,0,21.76
2026-07-30,Home,2026-07-30T13:30:45+00:00,24.36,57,0,21.76
2026-07-30,Home,2026-07-30T14:00:53+00:00,24.35,57,0,21.52
2026-07-30,Home,2026-07-30T14:30:45+00:00,24.33,57,0,22.11
2026-07-30,Home,2026-07-30T15:00:56+00:00,24.35,57,0,22.11
2026-07-30,Home,2026-07-30T15:30:52+00:00,24.38,56,0,22.36
2026-07-30,Home,2026-07-30T16:00:59+00:00,24.39,56,0,22.36
2026-07-30,Home,2026-07-30T16:30:50+00:00,24.5,55,0,22.98
2026-07-30,Home,2026-07-30T17:00:53+00:00,24.61,53,0,22.98
2026-07-30,Home,2026-07-30T17:30:50+00:00,24.67,52,0,23.35
2026-07-30,Home,2026-07-30T18:00:55+00:00,24.67,52,0,23.35
2026-07-30,Home,2026-07-30T18:30:43+00:00,24.59,53,0,23.05
2026-07-30,Home,2026-07-30T19:00:56+00:00,24.51,51,0,23.05
2026-07-30,Home,2026-07-30T19:30:49+00:00,24.43,47,0,23.05
2026-07-30,Home,2026-07-30T20:00:48+00:00,24.38,48,0,22.15
2026-07-30,Home,2026-07-30T20:30:43+00:00,24.34,48,0,20.31
2026-07-30,Home,2026-07-30T21:00:58+00:00,24.27,48,0,20.31
2026-07-30,Home,2026-07-30T21:30:48+00:00,24.21,48,0,18.48
2026-07-30,Home,2026-07-30T22:05:49+00:00,24.12,47,0,18.48
2026-07-30,Home,2026-07-30T22:30:41+00:00,23.99,46,0,16.53
2026-07-30,Home,2026-07-30T23:00:49+00:00,23.88,46,0,16.53
2026-07-30,Home,2026-07-30T23:30:39+00:00,23.84,45,0,13.94
2026-07-31,Home,2026-07-31T00:00:52+00:00,23.69,45,0,13.94
2026-07-31,Home,2026-07-31T00:30:50+00:00,23.54,45,0,13.94
2026-07-31,Home,2026-07-31T01:00:47+00:00,23.45,45,0,11.36
2026-07-31,Home,2026-07-31T01:30:43+00:00,23.34,45,0,11.36
2026-07-31,Home,2026-07-31T02:00:49+00:00,23.23,45,0,11.0
2026-07-31,Home,2026-07-31T02:30:39+00:00,23.1,45,0,10.61
2026-07-31,Home,2026-07-31T03:01:00+00:00,23.0,45,0,10.61
2026-07-31,Home,2026-07-31T03:30:42+00:00,22.86,45,0,9.42
2026-07-31,Home,2026-07-31T04:00:46+00:00,22.73,45,0,9.42
2026-07-31,Home,2026-07-31T04:30:40+00:00,22.59,45,0,7.87
2026-07-31,Home,2026-07-31T05:01:04+00:00,22.52,45,0,7.87
2026-07-31,Home,2026-07-31T05:30:42+00:00,22.4,45,0,7.01
2026-07-31,Home,2026-07-31T06:00:56+00:00,22.37,46,0,7.01
2026-07-31,Home,2026-07-31T06:30:39+00:00,22.35,46,0,7.01
2026-07-31,Home,2026-07-31T07:00:54+00:00,22.38,46,0,9.93
2026-07-31,Home,2026-07-31T07:30:44+00:00,22.49,46,0,9.93
2026-07-31,Home,2026-07-31T08:00:59+00:00,22.62,46,0,13.63
2026-07-31,Home,2026-07-31T08:30:42+00:00,22.78,47,0,13.63
2026-07-31,Home,2026-07-31T09:00:58+00:00,22.87,47,0,16.49
2026-07-31,Home,2026-07-31T09:30:43+00:00,23.0,47,0,18.96
2026-07-31,Home,2026-07-31T10:00:52+00:00,23.22,44,0,18.96
2026-07-31,Home,2026-07-31T10:30:47+00:00,23.33,44,0,20.49
2026-07-31,Home,2026-07-31T11:00:54+00:00,23.46,43,0,20.49
2026-07-31,Home,2026-07-31T11:30:41+00:00,23.55,43,0,20.64
2026-07-31,Home,2026-07-31T12:00:52+00:00,23.59,43,0,20.64
2026-07-31,Home,2026-07-31T12:30:41+00:00,23.6,42,0,21.8
2026-07-31,Home,2026-07-31T13:01:01+00:00,23.62,41,0,21.8
2026-07-31,Home,2026-07-31T13:30:43+00:00,23.66,39,0,21.8
2026-07-31,Home,2026-07-31T14:00:52+00:00,23.73,37,0,22.74
2026-07-31,Home,2026-07-31T14:30:40+00:00,23.75,39,0,22.74
2026-07-31,Home,2026-07-31T15:00:53+00:00,23.78,37,0,22.39
2026-07-31,Home,2026-07-31T15:30:43+00:00,23.84,36,0,22.39
2026-07-31,Home,2026-07-31T16:00:52+00:00,23.87,37,0,23.15
2026-07-31,Home,2026-07-31T16:30:50+00:00,23.96,37,0,23.08
2026-07-31,Home,2026-07-31T17:01:02+00:00,24.08,37,0,23.08
2026-07-31,Home,2026-07-31T17:30:43+00:00,24.09,35,0,22.99
2026-07-31,Home,2026-07-31T18:01:09+00:00,24.0,36,0,22.99
2026-07-31,Home,2026-07-31T18:35:50+00:00,23.88,37,0,22.13
2026-07-31,Home,2026-07-31T19:00:52+00:00,23.8,37,0,22.13
2026-07-31,Home,2026-07-31T19:30:48+00:00,23.69,38,0,22.13
2026-07-31,Home,2026-07-31T20:00:49+00:00,23.59,38,0,20.36
2026-07-31,Home,2026-07-31T20:30:43+00:00,23.5,39,0,18.46
2026-07-31,Home,2026-07-31T21:00:48+00:00,23.38,40,0,18.46
2026-07-31,Home,2026-07-31T21:30:41+00:00,23.33,40,0,16.69
2026-07-31,Home,2026-07-31T22:00:56+00:00,23.27,40,0,16.69
2026-07-31,Home,2026-07-31T22:30:43+00:00,23.17,40,0,16.69
2026-07-31,Home,2026-07-31T23:00:47+00:00,23.08,41,0,15.23
2026-07-31,Home,2026-07-31T23:30:44+00:00,23.0,42,0,13.25
2026-08-01,Home,2026-08-01T00:00:55+00:00,22.92,43,0,13.25
2026-08-01,Home,2026-08-01T00:30:46+00:00,22.85,43,0,13.25
2026-08-01,Home,2026-08-01T01:00:49+00:00,22.79,44,0,11.18
2026-08-01,Home,2026-08-01T01:30:48+00:00,22.68,45,0,9.7
2026-08-01,Home,2026-08-01T02:00:49+00:00,22.57,45,0,9.7
2026-08-01,Home,2026-08-01T02:30:47+00:00,22.46,45,0,9.7
2026-08-01,Home,2026-08-01T03:00:59+00:00,22.39,46,0,9.35
2026-08-01,Home,2026-08-01T03:30:40+00:00,22.32,46,0,9.21
2026-08-01,Home,2026-08-01T04:00:58+00:00,22.18,46,0,9.21
2026-08-01,Home,2026-08-01T04:30:42+00:00,22.09,47,0,9.21
2026-08-01,Home,2026-08-01T05:00:51+00:00,22.03,47,0,8.9
2026-08-01,Home,2026-08-01T05:30:48+00:00,21.93,47,0,8.84
2026-08-01,Home,2026-08-01T06:00:58+00:00,21.9,48,0,8.84
2026-08-01,Home,2026-08-01T06:30:39+00:00,21.91,48,0,8.84
2026-08-01,Home,2026-08-01T07:00:50+00:00,21.95,47,0,11.65
2026-08-01,Home,2026-08-01T07:30:48+00:00,22.07,48,0,11.65
2026-08-01,Home,2026-08-01T08:00:49+00:00,22.21,49,0,15.21
2026-08-01,Home,2026-08-01T08:30:43+00:00,22.32,48,0,15.21
2026-08-01,Home,2026-08-01T09:00:48+00:00,22.41,48,0,17.42
2026-08-01,Home,2026-08-01T09:30:40+00:00,22.57,48,0,19.21
2026-08-01,Home,2026-08-01T10:00:55+00:00,22.77,47,0,19.21
2026-08-01,Home,2026-08-01T10:30:39+00:00,22.87,46,0,21.05
2026-08-01,Home,2026-08-01T11:00:49+00:00,22.97,45,0,21.05
2026-08-01,Home,2026-08-01T11:30:40+00:00,23.06,44,0,21.46
2026-08-01,Home,2026-08-01T12:00:51+00:00,23.13,44,0,21.46
2026-08-01,Home,2026-08-01T12:30:47+00:00,23.18,43,0,22.26
2026-08-01,Home,2026-08-01T13:00:48+00:00,23.2,43,0,22.26
2026-08-01,Home,2026-08-01T13:30:47+00:00,23.24,42,0,22.15
2026-08-01,Home,2026-08-01T14:00:50+00:00,23.25,41,0,22.15
2026-08-01,Home,2026-08-01T14:30:44+00:00,23.25,43,0,23.9
2026-08-01,Home,2026-08-01T15:00:50+00:00,23.3,43,0,23.9
2026-08-01,Home,2026-08-01T15:30:44+00:00,23.35,42,0,23.79
2026-08-01,Home,2026-08-01T16:00:56+00:00,23.44,41,0,23.79
2026-08-01,Home,2026-08-01T16:30:46+00:00,23.59,41,0,24.02
2026-08-01,Home,2026-08-01T17:00:56+00:00,23.72,40,0,24.02
2026-08-01,Home,2026-08-01T17:30:39+00:00,23.73,38,0,23.63
2026-08-01,Home,2026-08-01T18:00:54+00:00,23.68,37,0,23.63
2026-08-01,Home,2026-08-01T18:30:47+00:00,23.64,38,0,23.63
2026-08-01,Home,2026-08-01T19:00:48+00:00,23.58,41,0,22.89
2026-08-01,Home,2026-08-01T19:30:44+00:00,23.52,42,0,21.58
2026-08-01,Home,2026-08-01T20:00:45+00:00,23.42,41,0,21.58
2026-08-01,Home,2026-08-01T20:30:41+00:00,23.34,41,0,19.2
2026-08-01,Home,2026-08-01T21:00:56+00:00,23.25,41,0,19.2
2026-08-01,Home,2026-08-01T21:30:42+00:00,23.16,42,0,15.19
2026-08-01,Home,2026-08-01T22:00:57+00:00,23.07,41,0,15.19
2026-08-01,Home,2026-08-01T22:30:43+00:00,22.92,41,0,13.17
2026-08-01,Home,2026-08-01T23:00:57+00:00,22.85,42,0,13.17
2026-08-01,Home,2026-08-01T23:30:40+00:00,22.8,42,0,11.93
2026-08-02,Home,2026-08-02T00:00:53+00:00,22.74,43,0,11.93
2026-08-02,Home,2026-08-02T00:30:44+00:00,22.62,44,0,11.93
2026-08-02,Home,2026-08-02T01:00:51+00:00,22.53,44,0,10.27
2026-08-02,Home,2026-08-02T01:30:48+00:00,22.42,45,0,10.27
2026-08-02,Home,2026-08-02T02:01:01+00:00,22.37,45,0,10.18
2026-08-02,Home,2026-08-02T02:30:42+00:00,22.3,45,0,10.57
2026-08-02,Home,2026-08-02T03:00:52+00:00,22.16,45,0,10.57
2026-08-02,Home,2026-08-02T03:30:44+00:00,22.09,46,0,9.47
2026-08-02,Home,2026-08-02T04:00:56+00:00,21.99,46,0,9.47
2026-08-02,Home,2026-08-02T04:30:40+00:00,21.88,46,0,9.47
2026-08-02,Home,2026-08-02T05:00:53+00:00,21.82,46,0,9.15
2026-08-02,Home,2026-08-02T05:30:45+00:00,21.76,47,0,9.06
2026-08-02,Home,2026-08-02T06:00:51+00:00,21.67,47,0,9.06
2026-08-02,Home,2026-08-02T06:30:41+00:00,21.67,47,0,9.06
2026-08-02,Home,2026-08-02T07:00:50+00:00,21.68,48,0,11.36
2026-08-02,Home,2026-08-02T07:30:42+00:00,21.76,47,0,11.36
2026-08-02,Home,2026-08-02T08:00:53+00:00,21.85,47,0,14.37
2026-08-02,Home,2026-08-02T08:30:43+00:00,21.9,48,0,14.37
2026-08-02,Home,2026-08-02T09:00:54+00:00,22.05,46,0,16.52
2026-08-02,Home,2026-08-02T09:30:39+00:00,22.27,46,0,18.88
2026-08-02,Home,2026-08-02T10:00:46+00:00,22.44,46,0,18.88
2026-08-02,Home,2026-08-02T10:30:38+00:00,22.6,45,0,20.65
2026-08-02,Home,2026-08-02T11:00:49+00:00,22.81,45,0,20.65
2026-08-02,Home,2026-08-02T11:30:46+00:00,22.92,44,0,20.65
2026-08-02,Home,2026-08-02T12:00:49+00:00,23.02,44,0,22.62
2026-08-02,Home,2026-08-02T12:30:51+00:00,23.1,45,0,24.06
2026-08-02,Home,2026-08-02T13:00:48+00:00,23.17,44,0,24.06
2026-08-02,Home,2026-08-02T13:30:45+00:00,23.21,44,0,24.06
2026-08-02,Home,2026-08-02T14:00:58+00:00,23.25,44,0,24.93
2026-08-02,Home,2026-08-02T14:30:42+00:00,23.29,43,0,25.47
2026-08-02,Home,2026-08-02T15:00:51+00:00,23.44,43,0,25.47
2026-08-02,Home,2026-08-02T15:30:49+00:00,23.49,44,0,25.82
2026-08-02,Home,2026-08-02T16:00:50+00:00,23.55,44,0,25.82
2026-08-02,Home,2026-08-02T16:30:40+00:00,23.62,44,0,26.42
2026-08-02,Home,2026-08-02T17:00:54+00:00,23.73,45,0,26.42
2026-08-02,Home,2026-08-02T17:30:38+00:00,23.78,45,0,26.5
2026-08-02,Home,2026-08-02T18:00:55+00:00,23.79,44,0,26.5
2026-08-02,Home,2026-08-02T18:30:45+00:00,23.8,44,0,26.5
2026-08-02,Home,2026-08-02T19:00:47+00:00,23.81,44,0,26.19
2026-08-02,Home,2026-08-02T19:30:50+00:00,23.8,44,0,26.19
2026-08-02,Home,2026-08-02T20:00:49+00:00,23.85,37,0,25.74
2026-08-02,Home,2026-08-02T20:30:45+00:00,23.81,39,0,23.21
2026-08-02,Home,2026-08-02T21:00:53+00:00,23.52,40,0,23.21
2026-08-02,Home,2026-08-02T21:30:52+00:00,23.79,41,0,21.68
2026-08-02,Home,2026-08-02T22:01:05+00:00,23.78,41,0,21.68
2026-08-02,Home,2026-08-02T22:30:41+00:00,23.73,41,0,20.05
2026-08-02,Home,2026-08-02T23:00:49+00:00,23.69,41,0,20.05
2026-08-02,Home,2026-08-02T23:30:41+00:00,23.64,41,0,20.17
2026-08-03,Home,2026-08-03T00:00:53+00:00,23.6,41,0,20.17
2026-08-03,Home,2026-08-03T00:30:43+00:00,23.57,41,0,20.17
2026-08-03,Home,2026-08-03T01:00:53+00:00,23.53,41,0,19.67
2026-08-03,Home,2026-08-03T01:30:43+00:00,23.5,41,0,19.04
2026-08-03,Home,2026-08-03T02:00:52+00:00,23.48,42,0,19.04
2026-08-03,Home,2026-08-03T02:30:44+00:00,23.44,42,0,19.04
2026-08-03,Home,2026-08-03T03:01:02+00:00,23.4,42,0,17.44
2026-08-03,Home,2026-08-03T03:30:42+00:00,23.32,43,0,16.49
2026-08-03,Home,2026-08-03T04:00:52+00:00,23.21,44,0,16.49
2026-08-03,Home,2026-08-03T04:30:51+00:00,23.14,44,0,14.97
2026-08-03,Home,2026-08-03T05:00:52+00:00,23.04,44,0,14.97
2026-08-03,Home,2026-08-03T05:30:43+00:00,22.95,45,0,14.88
2026-08-03,Home,2026-08-03T06:00:52+00:00,22.33,45,0,14.88
2026-08-03,Home,2026-08-03T06:30:46+00:00,21.72,48,0,14.88
2026-08-03,Home,2026-08-03T07:00:53+00:00,21.53,50,0,15.91
2026-08-03,Home,2026-08-03T07:30:50+00:00,21.62,50,0,15.91
2026-08-03,Home,2026-08-03T08:01:24+00:00,21.98,52,0,18.39
2026-08-03,Home,2026-08-03T08:30:45+00:00,22.42,52,0,18.39
2026-08-03,Home,2026-08-03T09:01:27+00:00,22.75,51,0,20.58
2026-08-03,Home,2026-08-03T09:30:50+00:00,23.2,50,0,22.44
2026-08-03,Home,2026-08-03T10:00:52+00:00,23.53,49,0,22.44
2026-08-03,Home,2026-08-03T10:30:42+00:00,23.84,48,0,22.44
2026-08-03,Home,2026-08-03T11:00:52+00:00,24.1,47,0,24.69
2026-08-03,Home,2026-08-03T11:30:43+00:00,24.39,46,0,24.69
2026-08-03,Home,2026-08-03T12:00:53+00:00,24.58,46,0,26.72
2026-08-03,Home,2026-08-03T12:30:49+00:00,24.57,46,0,28.36
2026-08-03,Home,2026-08-03T13:01:04+00:00,24.58,46,0,28.36
2026-08-03,Home,2026-08-03T13:30:42+00:00,24.58,46,0,28.36
2026-08-03,Home,2026-08-03T14:00:51+00:00,24.6,46,0,29.64
2026-08-03,Home,2026-08-03T14:30:56+00:00,24.62,46,0,29.64
2026-08-03,Home,2026-08-03T15:00:53+00:00,24.66,47,0,30.43
2026-08-03,Home,2026-08-03T15:30:51+00:00,24.76,47,0,30.71
2026-08-03,Home,2026-08-03T16:00:54+00:00,24.79,47,0,30.71
2026-08-03,Home,2026-08-03T16:30:50+00:00,24.81,47,0,30.8
2026-08-03,Home,2026-08-03T17:00:54+00:00,24.83,47,0,30.8
2026-08-03,Home,2026-08-03T17:30:43+00:00,24.85,47,0,30.38
2026-08-03,Home,2026-08-03T18:01:00+00:00,24.88,47,0,30.38
2026-08-03,Home,2026-08-03T18:30:47+00:00,24.94,47,0,30.38
2026-08-03,Home,2026-08-03T19:00:52+00:00,24.95,47,0,29.36
2026-08-03,Home,2026-08-03T19:30:42+00:00,24.97,48,0,29.36
2026-08-03,Home,2026-08-03T20:00:55+00:00,25.05,50,0,27.59
2026-08-03,Home,2026-08-03T20:30:45+00:00,25.25,50,0,27.59
2026-08-03,Home,2026-08-03T21:00:52+00:00,25.38,51,0,25.36
2026-08-03,Home,2026-08-03T21:30:43+00:00,25.4,50,0,23.54
2026-08-03,Home,2026-08-03T22:00:59+00:00,25.32,50,0,23.54
2026-08-03,Home,2026-08-03T22:30:45+00:00,25.22,49,0,22.21
2026-08-03,Home,2026-08-03T23:01:01+00:00,25.16,49,0,22.21
2026-08-03,Home,2026-08-03T23:30:44+00:00,25.13,49,0,22.21
2026-08-04,Home,2026-08-04T00:00:57+00:00,25.13,49,0,22.41
2026-08-04,Home,2026-08-04T00:30:40+00:00,25.11,49,0,22.41
2026-08-04,Home,2026-08-04T01:00:57+00:00,25.08,49,0,22.33
2026-08-04,Home,2026-08-04T01:30:42+00:00,25.04,49,0,22.33
2026-08-04,Home,2026-08-04T02:00:50+00:00,24.98,49,0,21.63
2026-08-04,Home,2026-08-04T02:30:54+00:00,24.95,48,0,21.63
2026-08-04,Home,2026-08-04T03:00:59+00:00,24.93,48,0,20.28
2026-08-04,Home,2026-08-04T03:30:49+00:00,24.92,48,0,19.19
2026-08-04,Home,2026-08-04T04:00:50+00:00,24.9,48,0,19.19
2026-08-04,Home,2026-08-04T04:30:44+00:00,24.87,47,0,18.67
2026-08-04,Home,2026-08-04T05:00:55+00:00,24.86,47,0,18.67
2026-08-04,Home,2026-08-04T05:30:42+00:00,24.85,46,0,19.06
2026-08-04,Home,2026-08-04T06:00:57+00:00,24.84,46,0,19.06
2026-08-04,Home,2026-08-04T06:30:45+00:00,24.45,46,0,19.06
2026-08-04,Home,2026-08-04T07:00:54+00:00,23.99,55,0,19.89
2026-08-04,Home,2026-08-04T07:31:03+00:00,23.89,58,0,21.05
2026-08-04,Home,2026-08-04T08:00:52+00:00,23.86,61,0,21.05
2026-08-04,Home,2026-08-04T08:30:43+00:00,23.89,61,0,21.05
2026-08-04,Home,2026-08-04T09:00:52+00:00,23.92,62,0,21.83
2026-08-04,Home,2026-08-04T09:30:51+00:00,23.98,63,0,22.43
2026-08-04,Home,2026-08-04T10:00:50+00:00,24.13,63,0,22.43
2026-08-04,Home,2026-08-04T10:30:51+00:00,24.25,62,0,22.96
2026-08-04,Home,2026-08-04T11:00:53+00:00,24.41,62,0,22.96
2026-08-04,Home,2026-08-04T11:30:55+00:00,24.6,62,0,23.38
2026-08-04,Home,2026-08-04T12:00:51+00:00,24.87,58,0,23.38
2026-08-04,Home,2026-08-04T12:30:43+00:00,25.28,56,0,26.15
2026-08-04,Home,2026-08-04T13:00:59+00:00,25.49,54,0,26.15
2026-08-04,Home,2026-08-04T13:30:51+00:00,25.67,54,0,27.09
2026-08-04,Home,2026-08-04T14:00:55+00:00,25.87,54,0,27.09
2026-08-04,Home,2026-08-04T14:30:48+00:00,25.96,54,0,27.39
2026-08-04,Home,2026-08-04T15:00:52+00:00,26.07,55,0,27.39
2026-08-04,Home,2026-08-04T15:30:57+00:00,26.12,55,0,25.9
2026-08-04,Home,2026-08-04T16:00:53+00:00,25.85,62,0,25.9
2026-08-04,Home,2026-08-04T16:30:53+00:00,25.64,64,0,25.24
2026-08-04,Home,2026-08-04T17:01:00+00:00,25.48,65,0,25.24
2026-08-04,Home,2026-08-04T17:30:42+00:00,25.37,66,0,23.4
2026-08-04,Home,2026-08-04T18:00:50+00:00,25.23,67,0,23.4
2026-08-04,Home,2026-08-04T18:30:43+00:00,25.0,68,0,20.58
2026-08-04,Home,2026-08-04T19:01:06+00:00,24.7,68,0,20.58
2026-08-04,Home,2026-08-04T19:30:48+00:00,24.27,70,0,20.58
2026-08-04,Home,2026-08-04T20:00:56+00:00,23.88,69,0,20.1
2026-08-04,Home,2026-08-04T20:30:50+00:00,23.72,68,0,19.55
2026-08-04,Home,2026-08-04T21:00:49+00:00,23.51,67,0,19.55
2026-08-04,Home,2026-08-04T21:30:39+00:00,24.02,65,0,19.26
2026-08-04,Home,2026-08-04T22:00:48+00:00,24.25,63,0,19.26
2026-08-04,Home,2026-08-04T22:30:40+00:00,24.32,61,0,18.83
2026-08-04,Home,2026-08-04T23:00:59+00:00,24.35,61,0,18.83
2026-08-04,Home,2026-08-04T23:30:48+00:00,24.34,60,0,18.6
2026-08-05,Home,2026-08-05T00:00:59+00:00,24.33,60,0,18.6
2026-08-05,Home,2026-08-05T00:30:45+00:00,24.31,60,0,17.97
2026-08-05,Home,2026-08-05T01:00:49+00:00,24.3,60,0,17.97
2026-08-05,Home,2026-08-05T01:30:52+00:00,24.26,60,0,17.97
2026-08-05,Home,2026-08-05T02:00:53+00:00,24.21,60,0,17.69
2026-08-05,Home,2026-08-05T02:30:49+00:00,24.21,60,0,17.51
2026-08-05,Home,2026-08-05T03:00:49+00:00,24.19,60,0,17.51
2026-08-05,Home,2026-08-05T03:30:42+00:00,24.12,60,0,17.26
2026-08-05,Home,2026-08-05T04:01:02+00:00,24.06,60,0,17.26
2026-08-05,Home,2026-08-05T04:30:52+00:00,23.97,60,0,17.19
2026-08-05,Home,2026-08-05T05:00:51+00:00,23.92,60,0,17.19
2026-08-05,Home,2026-08-05T05:30:41+00:00,23.9,60,0,16.95
2026-08-05,Home,2026-08-05T06:00:54+00:00,23.88,61,0,16.95
2026-08-05,Home,2026-08-05T06:30:45+00:00,23.85,61,0,16.95
2026-08-05,Home,2026-08-05T07:00:51+00:00,23.83,62,0,16.97
2026-08-05,Home,2026-08-05T07:30:54+00:00,23.83,62,0,16.91
2026-08-05,Home,2026-08-05T08:00:52+00:00,24.01,62,0,16.91
2026-08-05,Home,2026-08-05T08:30:51+00:00,24.07,60,0,17.72
2026-08-05,Home,2026-08-05T09:01:01+00:00,24.23,58,0,17.72
2026-08-05,Home,2026-08-05T09:30:44+00:00,24.49,56,0,18.89
2026-08-05,Home,2026-08-05T10:00:54+00:00,24.67,52,0,18.89
2026-08-05,Home,2026-08-05T10:30:43+00:00,24.72,51,0,19.63
2026-08-05,Home,2026-08-05T11:01:06+00:00,24.62,49,0,19.63
2026-08-05,Home,2026-08-05T11:30:41+00:00,24.56,47,0,20.42
2026-08-05,Home,2026-08-05T12:00:52+00:00,24.53,47,0,20.42
2026-08-05,Home,2026-08-05T12:30:56+00:00,24.54,46,0,21.39
2026-08-05,Home,2026-08-05T13:01:02+00:00,24.58,46,0,21.39
2026-08-05,Home,2026-08-05T13:30:43+00:00,24.57,43,0,21.39
2026-08-05,Home,2026-08-05T14:00:57+00:00,24.58,43,0,21.84
2026-08-05,Home,2026-08-05T14:30:52+00:00,24.57,42,0,21.84
2026-08-05,Home,2026-08-05T15:14:21+00:00,24.59,42,0,22.47
2026-08-05,Home,2026-08-05T15:30:48+00:00,24.61,39,0,22.05
2026-08-05,Home,2026-08-05T16:01:01+00:00,24.71,37,0,22.05
2026-08-05,Home,2026-08-05T16:30:53+00:00,24.84,37,0,22.34
2026-08-05,Home,2026-08-05T17:01:01+00:00,24.85,37,0,22.34
2026-08-05,Home,2026-08-05T17:30:43+00:00,24.77,38,0,21.85
2026-08-05,Home,2026-08-05T18:00:51+00:00,24.65,39,0,21.85
2026-08-05,Home,2026-08-05T18:30:47+00:00,24.51,39,0,20.45
2026-08-05,Home,2026-08-05T19:00:54+00:00,24.35,41,0,20.45
2026-08-05,Home,2026-08-05T19:30:45+00:00,24.24,42,0,19.3
2026-08-05,Home,2026-08-05T20:00:56+00:00,24.11,43,0,19.3
2026-08-05,Home,2026-08-05T20:31:02+00:00,23.98,41,0,17.55
2026-08-05,Home,2026-08-05T21:01:06+00:00,23.91,43,0,17.55
2026-08-05,Home,2026-08-05T21:30:43+00:00,23.89,45,0,15.84
2026-08-05,Home,2026-08-05T22:00:51+00:00,23.88,46,0,15.84
2026-08-05,Home,2026-08-05T22:30:41+00:00,23.81,46,0,14.51
2026-08-05,Home,2026-08-05T23:00:52+00:00,23.64,47,0,14.51
2026-08-05,Home,2026-08-05T23:30:41+00:00,23.54,47,0,13.45
2026-08-06,Home,2026-08-06T00:00:56+00:00,23.4,47,0,13.45
2026-08-06,Home,2026-08-06T00:30:48+00:00,23.32,46,0,12.56
2026-08-06,Home,2026-08-06T01:00:50+00:00,23.2,46,0,12.56
2026-08-06,Home,2026-08-06T01:30:43+00:00,23.13,47,0,12.56
2026-08-06,Home,2026-08-06T02:00:53+00:00,22.99,47,0,12.73
2026-08-06,Home,2026-08-06T02:30:51+00:00,22.87,47,0,12.61
2026-08-06,Home,2026-08-06T03:00:59+00:00,22.81,47,0,12.61
2026-08-06,Home,2026-08-06T03:30:43+00:00,22.74,47,0,13.45
2026-08-06,Home,2026-08-06T04:01:02+00:00,22.62,48,0,13.45
2026-08-06,Home,2026-08-06T04:30:45+00:00,22.54,48,0,13.71
2026-08-06,Home,2026-08-06T05:00:55+00:00,22.49,48,0,13.71
2026-08-06,Home,2026-08-06T05:30:50+00:00,22.38,47,0,13.45
2026-08-06,Home,2026-08-06T06:00:54+00:00,22.35,47,0,13.45
2026-08-06,Home,2026-08-06T06:30:51+00:00,22.35,49,0,13.87
2026-08-06,Home,2026-08-06T07:00:57+00:00,22.31,48,0,13.87
2026-08-06,Home,2026-08-06T07:30:44+00:00,22.3,49,0,13.87
2026-08-06,Home,2026-08-06T08:00:51+00:00,22.28,48,0,14.45
2026-08-06,Home,2026-08-06T08:30:42+00:00,21.72,45,0,14.45
2026-08-06,Home,2026-08-06T09:00:54+00:00,21.68,45,0,15.45
2026-08-06,Home,2026-08-06T09:30:43+00:00,21.74,44,0,17.64
2026-08-06,Home,2026-08-06T10:00:53+00:00,21.62,43,0,17.64
2026-08-06,Home,2026-08-06T10:30:44+00:00,21.61,42,0,18.52
2026-08-06,Home,2026-08-06T11:01:00+00:00,21.65,40,0,18.52
2026-08-06,Home,2026-08-06T11:30:43+00:00,21.62,40,0,19.27
2026-08-06,Home,2026-08-06T12:00:52+00:00,21.68,39,0,19.27
2026-08-06,Home,2026-08-06T12:30:44+00:00,21.71,39,0,19.68
2026-08-06,Home,2026-08-06T13:00:55+00:00,21.74,38,0,19.68
2026-08-06,Home,2026-08-06T13:30:46+00:00,21.75,38,0,20.15
2026-08-06,Home,2026-08-06T14:01:06+00:00,21.77,37,0,20.15
2026-08-06,Home,2026-08-06T14:30:42+00:00,21.89,37,0,20.82
2026-08-06,Home,2026-08-06T15:00:54+00:00,22.05,36,0,20.82
2026-08-06,Home,2026-08-06T15:30:59+00:00,22.21,35,0,21.41
2026-08-06,Home,2026-08-06T20:19:50+00:00,22.08,39,0,19.03
2026-08-06,Home,2026-08-06T21:08:27+00:00,22.26,43,0,16.69
2026-08-06,Home,2026-08-06T22:00:43+00:00,22.25,44,0,14.23
2026-08-06,Home,2026-08-06T23:13:29+00:00,21.96,43,0,12.52
2026-08-06,Home,2026-08-06T23:32:31+00:00,21.91,42,0,10.66
2026-08-07,Home,2026-08-07T00:00:59+00:00,21.86,42,0,10.66
2026-08-07,Home,2026-08-07T00:30:42+00:00,21.8,42,0,9.49
2026-08-07,Home,2026-08-07T01:00:54+00:00,21.67,43,0,9.49
2026-08-07,Home,2026-08-07T01:30:44+00:00,21.56,43,0,9.49
2026-08-07,Home,2026-08-07T02:00:52+00:00,21.48,43,0,8.6
2026-08-07,Home,2026-08-07T02:30:45+00:00,21.38,43,0,7.97
2026-08-07,Home,2026-08-07T03:00:54+00:00,21.28,44,0,7.97
2026-08-07,Home,2026-08-07T03:30:42+00:00,21.14,44,0,7.18
2026-08-07,Home,2026-08-07T04:01:06+00:00,21.06,44,0,7.18
2026-08-07,Home,2026-08-07T04:30:43+00:00,20.91,44,0,6.64
2026-08-07,Home,2026-08-07T05:00:52+00:00,20.84,45,0,6.64
2026-08-07,Home,2026-08-07T05:30:42+00:00,20.74,45,0,6.1
2026-08-07,Home,2026-08-07T06:00:52+00:00,20.69,45,0,6.1
2026-08-07,Home,2026-08-07T06:30:47+00:00,20.74,46,0,6.1
2026-08-07,Home,2026-08-07T07:00:59+00:00,20.79,47,0,7.99
2026-08-07,Home,2026-08-07T07:30:53+00:00,20.85,48,0,12.23
2026-08-07,Home,2026-08-07T08:00:50+00:00,20.96,48,0,12.23
2026-08-07,Home,2026-08-07T08:30:44+00:00,20.85,45,0,14.66
2026-08-07,Home,2026-08-07T09:00:53+00:00,20.91,43,0,14.66
2026-08-07,Home,2026-08-07T09:30:42+00:00,21.1,43,0,17.81
2026-08-07,Home,2026-08-07T10:00:59+00:00,21.3,41,0,17.81
2026-08-07,Home,2026-08-07T10:30:44+00:00,21.52,40,0,19.52
2026-08-07,Home,2026-08-07T11:00:56+00:00,21.71,39,0,19.52
2026-08-07,Home,2026-08-07T11:30:50+00:00,21.84,38,0,21.0
2026-08-07,Home,2026-08-07T12:00:51+00:00,22.02,38,0,21.0
2026-08-07,Home,2026-08-07T12:30:45+00:00,22.23,38,0,21.55
2026-08-07,Home,2026-08-07T13:00:59+00:00,22.37,37,0,21.55
2026-08-07,Home,2026-08-07T13:30:51+00:00,22.46,37,0,23.19
2026-08-07,Home,2026-08-07T14:00:57+00:00,22.56,37,0,23.19
2026-08-07,Home,2026-08-07T14:30:46+00:00,22.76,36,0,23.81
2026-08-07,Home,2026-08-07T15:00:57+00:00,22.81,36,0,23.81
2026-08-07,Home,2026-08-07T15:30:47+00:00,23.05,35,0,24.07
2026-08-07,Home,2026-08-07T16:00:54+00:00,23.34,35,0,24.07
2026-08-07,Home,2026-08-07T16:30:55+00:00,23.41,35,0,23.76
2026-08-07,Home,2026-08-07T17:00:52+00:00,23.48,35,0,23.76
2026-08-07,Home,2026-08-07T17:31:01+00:00,23.36,35,0,23.56
2026-08-07,Home,2026-08-07T18:00:56+00:00,23.29,36,0,23.56
2026-08-07,Home,2026-08-07T18:30:47+00:00,23.1,38,0,23.56
2026-08-07,Home,2026-08-07T19:00:55+00:00,22.99,40,0,23.33
2026-08-07,Home,2026-08-07T19:30:44+00:00,22.86,42,0,21.37
2026-08-07,Home,2026-08-07T20:00:49+00:00,22.67,43,0,21.37
2026-08-07,Home,2026-08-07T20:30:42+00:00,22.83,43,0,18.2
2026-08-07,Home,2026-08-07T21:00:59+00:00,22.91,44,0,18.2
2026-08-07,Home,2026-08-07T21:30:45+00:00,22.92,45,0,16.8
2026-08-07,Home,2026-08-07T22:01:00+00:00,22.84,45,0,16.8
2026-08-07,Home,2026-08-07T22:30:43+00:00,22.72,46,0,15.24
2026-08-07,Home,2026-08-07T23:00:50+00:00,22.55,48,0,15.24
2026-08-07,Home,2026-08-07T23:30:51+00:00,22.48,47,0,13.92
2026-08-08,Home,2026-08-08T00:01:02+00:00,22.38,48,0,13.92
2026-08-08,Home,2026-08-08T00:30:52+00:00,22.32,49,0,12.21
2026-08-08,Home,2026-08-08T01:00:49+00:00,22.17,50,0,12.21
2026-08-08,Home,2026-08-08T01:30:41+00:00,22.1,51,0,11.08
2026-08-08,Home,2026-08-08T02:00:54+00:00,21.98,50,0,11.08
2026-08-08,Home,2026-08-08T02:30:43+00:00,21.89,50,0,10.03
2026-08-08,Home,2026-08-08T03:00:52+00:00,21.84,50,0,10.03
2026-08-08,Home,2026-08-08T03:30:41+00:00,21.77,50,0,9.14
2026-08-08,Home,2026-08-08T04:00:59+00:00,21.67,49,0,9.14
2026-08-08,Home,2026-08-08T04:30:40+00:00,21.58,50,0,8.77
2026-08-08,Home,2026-08-08T05:00:52+00:00,21.45,49,0,8.77
2026-08-08,Home,2026-08-08T05:30:49+00:00,21.39,49,0,8.21
2026-08-08,Home,2026-08-08T06:01:00+00:00,21.35,50,0,8.21
2026-08-08,Home,2026-08-08T06:30:47+00:00,21.35,52,0,8.21
2026-08-08,Home,2026-08-08T07:00:59+00:00,21.37,53,0,9.75
2026-08-08,Home,2026-08-08T07:30:44+00:00,21.5,53,0,14.07
2026-08-08,Home,2026-08-08T08:00:57+00:00,21.72,53,0,14.07
2026-08-08,Home,2026-08-08T08:30:54+00:00,21.88,52,0,17.46
2026-08-08,Home,2026-08-08T09:00:50+00:00,22.16,50,0,17.46
2026-08-08,Home,2026-08-08T09:30:42+00:00,22.36,48,0,20.08
2026-08-08,Home,2026-08-08T10:00:50+00:00,22.66,48,0,20.08
2026-08-08,Home,2026-08-08T10:30:40+00:00,22.98,46,0,21.82
2026-08-08,Home,2026-08-08T11:00:49+00:00,23.2,43,0,21.82
2026-08-08,Home,2026-08-08T11:30:42+00:00,23.33,44,0,23.67
2026-08-08,Home,2026-08-08T12:00:58+00:00,23.35,44,0,23.67
2026-08-08,Home,2026-08-08T12:30:43+00:00,23.35,44,0,24.95
2026-08-08,Home,2026-08-08T13:00:50+00:00,23.4,43,0,24.95
2026-08-08,Home,2026-08-08T13:30:42+00:00,23.46,42,0,25.65
2026-08-08,Home,2026-08-08T14:01:00+00:00,23.52,42,0,25.65
2026-08-08,Home,2026-08-08T14:30:45+00:00,23.57,41,0,27.18
2026-08-08,Home,2026-08-08T15:00:51+00:00,23.58,42,0,27.18
2026-08-08,Home,2026-08-08T15:30:54+00:00,23.63,40,0,27.0
2026-08-08,Home,2026-08-08T16:00:50+00:00,23.68,41,0,27.0
2026-08-08,Home,2026-08-08T16:30:42+00:00,23.69,41,0,26.78
2026-08-08,Home,2026-08-08T17:00:51+00:00,23.71,41,0,26.78
2026-08-08,Home,2026-08-08T17:30:42+00:00,23.68,42,0,25.92
2026-08-08,Home,2026-08-08T18:00:51+00:00,23.67,42,0,25.92
2026-08-08,Home,2026-08-08T18:30:43+00:00,23.61,43,0,24.92
2026-08-08,Home,2026-08-08T19:00:51+00:00,23.56,43,0,24.92
2026-08-08,Home,2026-08-08T19:30:40+00:00,23.52,43,0,23.49
2026-08-08,Home,2026-08-08T20:00:50+00:00,23.47,43,0,23.49
2026-08-08,Home,2026-08-08T20:30:39+00:00,23.42,44,0,20.73
2026-08-08,Home,2026-08-08T21:00:49+00:00,23.4,44,0,20.73
2026-08-08,Home,2026-08-08T21:30:41+00:00,23.37,45,0,18.77
2026-08-08,Home,2026-08-08T22:00:51+00:00,23.34,44,0,18.77
2026-08-08,Home,2026-08-08T22:30:40+00:00,23.33,44,0,18.15
2026-08-08,Home,2026-08-08T23:00:54+00:00,23.29,43,0,18.15
2026-08-08,Home,2026-08-08T23:30:42+00:00,23.25,43,0,16.97
2026-08-09,Home,2026-08-09T00:00:55+00:00,23.2,43,0,16.97
2026-08-09,Home,2026-08-09T00:30:41+00:00,23.15,42,0,15.76
2026-08-09,Home,2026-08-09T01:00:51+00:00,23.11,42,0,15.76
2026-08-09,Home,2026-08-09T01:30:45+00:00,23.04,44,0,15.76
2026-08-09,Home,2026-08-09T02:00:53+00:00,22.94,44,0,16.38
2026-08-09,Home,2026-08-09T02:30:45+00:00,22.87,44,0,15.64
2026-08-09,Home,2026-08-09T03:00:54+00:00,22.82,44,0,15.64
2026-08-09,Home,2026-08-09T03:30:41+00:00,22.79,45,0,13.81
2026-08-09,Home,2026-08-09T04:01:00+00:00,22.7,45,0,13.81
2026-08-09,Home,2026-08-09T04:30:43+00:00,22.62,45,0,13.53
2026-08-09,Home,2026-08-09T05:00:49+00:00,22.56,45,0,13.53
2026-08-09,Home,2026-08-09T05:30:45+00:00,22.49,45,0,13.15
2026-08-09,Home,2026-08-09T06:00:51+00:00,22.46,45,0,13.15
2026-08-09,Home,2026-08-09T06:30:43+00:00,22.48,45,0,14.4
2026-08-09,Home,2026-08-09T07:00:54+00:00,22.59,46,0,14.4
2026-08-09,Home,2026-08-09T07:30:50+00:00,22.66,46,0,14.4
2026-08-09,Home,2026-08-09T08:00:51+00:00,22.81,47,0,18.5
2026-08-09,Home,2026-08-09T08:30:53+00:00,22.89,47,0,18.5
2026-08-09,Home,2026-08-09T09:00:51+00:00,23.15,46,0,21.38
2026-08-09,Home,2026-08-09T09:30:49+00:00,23.38,46,0,23.23
2026-08-09,Home,2026-08-09T10:00:51+00:00,23.59,45,0,23.23
2026-08-09,Home,2026-08-09T10:30:42+00:00,23.76,45,0,24.79
2026-08-09,Home,2026-08-09T11:00:49+00:00,23.89,44,0,24.79
2026-08-09,Home,2026-08-09T11:30:43+00:00,24.05,44,0,25.85
2026-08-09,Home,2026-08-09T12:00:47+00:00,24.16,43,0,25.85
2026-08-09,Home,2026-08-09T12:30:44+00:00,24.22,43,0,27.11
2026-08-09,Home,2026-08-09T13:00:51+00:00,24.3,42,0,27.11
2026-08-09,Home,2026-08-09T13:30:38+00:00,24.37,42,0,28.27
2026-08-09,Home,2026-08-09T14:00:50+00:00,24.42,42,0,28.27
2026-08-09,Home,2026-08-09T14:30:41+00:00,24.45,41,0,29.11
2026-08-09,Home,2026-08-09T15:00:55+00:00,24.49,42,0,29.11
2026-08-09,Home,2026-08-09T15:30:44+00:00,24.55,42,0,29.47
2026-08-09,Home,2026-08-09T16:00:49+00:00,24.68,42,0,29.47
2026-08-09,Home,2026-08-09T16:30:44+00:00,24.77,42,0,29.43
2026-08-09,Home,2026-08-09T17:00:53+00:00,24.87,42,0,29.43
2026-08-09,Home,2026-08-09T17:30:42+00:00,24.87,42,0,28.67
2026-08-09,Home,2026-08-09T18:00:50+00:00,24.86,43,0,28.67
2026-08-09,Home,2026-08-09T18:30:45+00:00,24.84,43,0,27.27
2026-08-09,Home,2026-08-09T19:00:47+00:00,24.82,44,0,27.27
2026-08-09,Home,2026-08-09T19:30:42+00:00,24.79,45,0,25.7
2026-08-09,Home,2026-08-09T20:00:47+00:00,24.74,46,0,25.7
2026-08-09,Home,2026-08-09T20:30:40+00:00,24.36,50,0,23.48
2026-08-09,Home,2026-08-09T21:00:53+00:00,24.07,51,0,23.48
2026-08-09,Home,2026-08-09T21:30:44+00:00,24.07,51,0,21.65
2026-08-09,Home,2026-08-09T22:00:49+00:00,24.11,50,0,21.65
2026-08-09,Home,2026-08-09T22:30:42+00:00,24.18,50,0,20.17
2026-08-09,Home,2026-08-09T23:00:51+00:00,24.17,50,0,20.17
2026-08-09,Home,2026-08-09T23:30:45+00:00,24.13,51,0,19.2
2026-08-10,Home,2026-08-10T00:00:56+00:00,24.04,52,0,19.2
2026-08-10,Home,2026-08-10T00:30:42+00:00,23.92,53,0,17.81
2026-08-10,Home,2026-08-10T01:00:54+00:00,23.86,54,0,17.81
2026-08-10,Home,2026-08-10T01:30:45+00:00,23.78,54,0,17.81
2026-08-10,Home,2026-08-10T02:00:56+00:00,23.67,54,0,16.86
2026-08-10,Home,2026-08-10T02:30:49+00:00,23.56,54,0,16.39
2026-08-10,Home,2026-08-10T03:00:58+00:00,23.47,54,0,16.39
2026-08-10,Home,2026-08-10T03:30:44+00:00,23.34,55,0,15.79
2026-08-10,Home,2026-08-10T04:00:52+00:00,23.24,55,0,15.79
2026-08-10,Home,2026-08-10T04:30:44+00:00,23.15,54,0,15.73
2026-08-10,Home,2026-08-10T05:00:53+00:00,23.11,53,0,15.73
2026-08-10,Home,2026-08-10T05:30:44+00:00,22.96,51,0,15.22
2026-08-10,Home,2026-08-10T06:01:02+00:00,22.25,52,0,15.22
2026-08-10,Home,2026-08-10T06:30:41+00:00,21.28,55,0,15.87
2026-08-10,Home,2026-08-10T07:01:01+00:00,20.81,55,0,15.87
2026-08-10,Home,2026-08-10T07:30:44+00:00,20.67,54,0,16.28
2026-08-10,Home,2026-08-10T08:00:59+00:00,20.75,51,0,16.28
2026-08-10,Home,2026-08-10T08:30:42+00:00,20.89,50,0,17.52
2026-08-10,Home,2026-08-10T09:00:51+00:00,21.08,48,0,17.52
2026-08-10,Home,2026-08-10T09:30:41+00:00,21.31,46,0,18.7
2026-08-10,Home,2026-08-10T10:00:51+00:00,21.66,45,0,18.7
2026-08-10,Home,2026-08-10T10:30:46+00:00,22.26,44,0,19.93
2026-08-10,Home,2026-08-10T11:00:51+00:00,22.6,43,0,19.93
2026-08-10,Home,2026-08-10T11:30:47+00:00,22.81,42,0,20.58
2026-08-10,Home,2026-08-10T12:01:02+00:00,23.07,42,0,20.58
2026-08-10,Home,2026-08-10T12:30:45+00:00,23.27,42,0,21.72
2026-08-10,Home,2026-08-10T13:00:54+00:00,23.45,41,0,21.72
2026-08-10,Home,2026-08-10T13:30:43+00:00,23.57,41,0,22.48
2026-08-10,Home,2026-08-10T14:00:54+00:00,23.7,42,0,22.48
2026-08-10,Home,2026-08-10T14:30:52+00:00,23.78,43,0,23.49
2026-08-10,Home,2026-08-10T15:01:06+00:00,23.81,43,0,23.49
2026-08-10,Home,2026-08-10T15:30:52+00:00,23.85,43,0,24.33
2026-08-10,Home,2026-08-10T16:01:00+00:00,23.88,43,0,24.33
2026-08-10,Home,2026-08-10T16:30:47+00:00,23.98,43,0,24.39
2026-08-10,Home,2026-08-10T17:00:53+00:00,24.1,43,0,24.39
2026-08-10,Home,2026-08-10T17:30:42+00:00,24.1,43,0,24.38
2026-08-10,Home,2026-08-10T18:00:55+00:00,24.1,43,0,24.38
2026-08-10,Home,2026-08-10T18:30:45+00:00,24.08,43,0,24.38
2026-08-10,Home,2026-08-10T19:00:55+00:00,24.04,43,0,24.09
2026-08-10,Home,2026-08-10T19:30:44+00:00,24.02,44,0,24.09
2026-08-10,Home,2026-08-10T20:00:56+00:00,23.62,38,0,22.02
2026-08-10,Home,2026-08-10T20:30:43+00:00,23.14,39,0,19.47
2026-08-10,Home,2026-08-10T21:00:52+00:00,22.91,40,0,19.47
2026-08-10,Home,2026-08-10T21:30:52+00:00,23.23,40,0,17.25
2026-08-10,Home,2026-08-10T22:01:01+00:00,23.32,40,0,17.25
2026-08-10,Home,2026-08-10T22:30:45+00:00,23.33,41,0,14.91
2026-08-10,Home,2026-08-10T23:00:51+00:00,23.29,41,0,14.91
2026-08-10,Home,2026-08-10T23:30:42+00:00,23.22,42,0,13.34
2026-08-11,Home,2026-08-11T00:00:54+00:00,23.14,42,0,13.34
2026-08-11,Home,2026-08-11T00:30:44+00:00,23.07,43,0,11.82
2026-08-11,Home,2026-08-11T01:00:51+00:00,22.96,43,0,11.82
2026-08-11,Home,2026-08-11T01:30:42+00:00,22.97,44,0,11.82
2026-08-11,Home,2026-08-11T02:00:55+00:00,23.06,46,0,12.67
2026-08-11,Home,2026-08-11T02:30:44+00:00,23.08,47,0,12.81
2026-08-11,Home,2026-08-11T03:00:54+00:00,23.1,48,0,12.81
2026-08-11,Home,2026-08-11T03:30:43+00:00,23.06,49,0,13.05
2026-08-11,Home,2026-08-11T04:00:52+00:00,23.0,50,0,13.05
2026-08-11,Home,2026-08-11T04:30:41+00:00,22.94,51,0,12.97
2026-08-11,Home,2026-08-11T05:01:03+00:00,22.89,51,0,12.97
2026-08-11,Home,2026-08-11T05:30:43+00:00,22.84,51,0,12.62
2026-08-11,Home,2026-08-11T06:01:04+00:00,22.83,51,0,12.62
2026-08-11,Home,2026-08-11T06:30:46+00:00,21.7,55,0,12.62
2026-08-11,Home,2026-08-11T07:00:54+00:00,21.3,57,0,14.24
2026-08-11,Home,2026-08-11T07:30:45+00:00,21.25,58,0,17.41
2026-08-11,Home,2026-08-11T08:00:52+00:00,21.37,55,0,17.41
2026-08-11,Home,2026-08-11T08:30:43+00:00,21.78,53,0,17.41
2026-08-11,Home,2026-08-11T09:00:52+00:00,22.02,51,0,19.37
2026-08-11,Home,2026-08-11T09:30:45+00:00,22.36,51,0,21.79
2026-08-11,Home,2026-08-11T10:01:00+00:00,22.66,51,0,21.79
2026-08-11,Home,2026-08-11T10:30:53+00:00,22.95,51,0,23.12
2026-08-11,Home,2026-08-11T11:01:04+00:00,23.29,50,0,23.12
2026-08-11,Home,2026-08-11T11:30:46+00:00,23.54,50,0,24.75
2026-08-11,Home,2026-08-11T12:00:52+00:00,23.73,50,0,24.75
2026-08-11,Home,2026-08-11T12:30:42+00:00,23.88,50,0,25.81
2026-08-11,Home,2026-08-11T13:01:01+00:00,24.11,49,0,25.81
2026-08-11,Home,2026-08-11T13:30:49+00:00,24.12,49,0,26.36
2026-08-11,Home,2026-08-11T14:00:54+00:00,24.12,49,0,26.36
2026-08-11,Home,2026-08-11T14:30:45+00:00,24.13,49,0,26.36
2026-08-11,Home,2026-08-11T15:00:57+00:00,24.14,48,0,26.36
2026-08-11,Home,2026-08-11T15:30:45+00:00,24.24,48,0,26.36
2026-08-11,Home,2026-08-11T16:00:56+00:00,24.27,48,0,26.36
2026-08-11,Home,2026-08-11T16:30:57+00:00,24.33,48,0,28.09
2026-08-11,Home,2026-08-11T17:00:54+00:00,24.4,47,0,28.09
2026-08-11,Home,2026-08-11T17:30:45+00:00,24.42,47,0,27.78
2026-08-11,Home,2026-08-11T18:00:53+00:00,24.53,48,0,27.78
2026-08-11,Home,2026-08-11T18:30:51+00:00,24.6,44,0,27.78
2026-08-11,Home,2026-08-11T19:00:53+00:00,24.58,45,0,27.14
2026-08-11,Home,2026-08-11T19:30:46+00:00,24.54,43,0,27.14
2026-08-11,Home,2026-08-11T20:00:54+00:00,24.53,43,0,25.63
2026-08-11,Home,2026-08-11T20:30:45+00:00,24.36,43,0,23.37
2026-08-11,Home,2026-08-11T21:00:53+00:00,24.09,45,0,23.37
2026-08-11,Home,2026-08-11T21:30:43+00:00,24.27,46,0,22.4
2026-08-11,Home,2026-08-11T22:00:50+00:00,24.45,45,0,22.4
2026-08-11,Home,2026-08-11T22:30:50+00:00,24.37,44,0,21.14
2026-08-11,Home,2026-08-11T23:00:51+00:00,24.31,44,0,21.14
2026-08-11,Home,2026-08-11T23:30:51+00:00,24.26,43,0,19.63
2026-08-12,Home,2026-08-12T00:00:55+00:00,24.21,44,0,19.63
2026-08-12,Home,2026-08-12T00:30:48+00:00,24.14,45,0,18.21
2026-08-12,Home,2026-08-12T01:01:01+00:00,24.1,45,0,18.21
2026-08-12,Home,2026-08-12T01:30:45+00:00,24.07,46,0,18.21
2026-08-12,Home,2026-08-12T02:00:52+00:00,24.04,46,0,16.86
2026-08-12,Home,2026-08-12T02:30:45+00:00,24.01,47,0,15.76
2026-08-12,Home,2026-08-12T03:00:54+00:00,23.97,48,0,15.76
2026-08-12,Home,2026-08-12T03:30:45+00:00,23.9,48,0,15.16
2026-08-12,Home,2026-08-12T04:00:53+00:00,23.83,49,0,15.16
2026-08-12,Home,2026-08-12T04:30:46+00:00,23.76,50,0,15.0
2026-08-12,Home,2026-08-12T05:00:52+00:00,23.67,51,0,15.0
2026-08-12,Home,2026-08-12T05:30:45+00:00,23.61,52,0,14.53
2026-08-12,Home,2026-08-12T06:00:51+00:00,23.61,52,0,14.53
2026-08-12,Home,2026-08-12T06:30:48+00:00,22.92,55,0,14.53
2026-08-12,Home,2026-08-12T07:00:57+00:00,22.59,56,0,15.75
2026-08-12,Home,2026-08-12T07:30:48+00:00,22.59,55,0,15.75
2026-08-12,Home,2026-08-12T08:00:59+00:00,22.79,54,0,18.03
2026-08-12,Home,2026-08-12T08:30:45+00:00,23.11,52,0,18.03
2026-08-12,Home,2026-08-12T09:00:52+00:00,23.39,52,0,20.92
2026-08-12,Home,2026-08-12T09:30:42+00:00,23.73,52,0,23.36
2026-08-12,Home,2026-08-12T10:00:55+00:00,24.02,52,0,23.36
2026-08-12,Home,2026-08-12T10:30:53+00:00,24.28,51,0,26.5
2026-08-12,Home,2026-08-12T11:00:58+00:00,24.47,50,0,26.5
2026-08-12,Home,2026-08-12T11:30:53+00:00,24.6,50,0,28.97
2026-08-12,Home,2026-08-12T12:00:52+00:00,24.84,50,0,28.97
2026-08-12,Home,2026-08-12T12:30:43+00:00,25.01,50,0,31.04
2026-08-12,Home,2026-08-12T13:01:03+00:00,25.12,50,0,31.04
2026-08-12,Home,2026-08-12T13:30:46+00:00,25.13,49,0,32.03
2026-08-12,Home,2026-08-12T14:00:52+00:00,25.14,49,0,32.03
2026-08-12,Home,2026-08-12T14:30:47+00:00,25.17,49,0,33.28
2026-08-12,Home,2026-08-12T15:00:54+00:00,25.2,49,0,33.28
2026-08-12,Home,2026-08-12T15:30:54+00:00,25.34,49,0,33.59
2026-08-12,Home,2026-08-12T16:00:57+00:00,25.39,49,0,33.59
2026-08-12,Home,2026-08-12T16:30:41+00:00,25.49,49,0,33.63
2026-08-12,Home,2026-08-12T17:00:55+00:00,25.61,49,0,33.63
2026-08-12,Home,2026-08-12T17:30:43+00:00,25.76,50,0,33.14
2026-08-12,Home,2026-08-12T18:00:52+00:00,25.77,50,0,33.14
2026-08-12,Home,2026-08-12T18:30:54+00:00,25.69,49,0,33.14
2026-08-12,Home,2026-08-12T19:00:53+00:00,25.67,49,0,32.1
2026-08-12,Home,2026-08-12T19:30:43+00:00,25.81,51,0,32.1
2026-08-12,Home,2026-08-12T20:00:54+00:00,25.93,51,0,30.27
2026-08-12,Home,2026-08-12T20:30:46+00:00,26.08,52,0,25.95
2026-08-12,Home,2026-08-12T21:00:51+00:00,26.15,46,0,25.95
2026-08-12,Home,2026-08-12T21:30:46+00:00,26.27,43,0,24.76
2026-08-12,Home,2026-08-12T22:00:57+00:00,26.35,43,0,24.76
2026-08-12,Home,2026-08-12T22:30:52+00:00,26.21,44,0,23.86
2026-08-12,Home,2026-08-12T23:00:55+00:00,26.1,45,0,23.86
2026-08-12,Home,2026-08-12T23:30:47+00:00,26.06,44,0,23.86
2026-08-13,Home,2026-08-13T00:00:56+00:00,26.0,44,0,23.9
2026-08-13,Home,2026-08-13T00:30:44+00:00,25.94,44,0,23.89
2026-08-13,Home,2026-08-13T01:00:50+00:00,25.9,44,0,23.89
2026-08-13,Home,2026-08-13T01:30:45+00:00,25.86,44,0,23.89
2026-08-13,Home,2026-08-13T02:00:51+00:00,25.82,43,0,22.34
2026-08-13,Home,2026-08-13T02:30:43+00:00,25.78,43,0,20.81
2026-08-13,Home,2026-08-13T03:00:56+00:00,25.73,43,0,20.81
2026-08-13,Home,2026-08-13T03:30:41+00:00,25.67,44,0,19.92
2026-08-13,Home,2026-08-13T04:00:51+00:00,25.62,44,0,19.92
2026-08-13,Home,2026-08-13T04:30:44+00:00,25.58,44,0,18.27
2026-08-13,Home,2026-08-13T05:01:01+00:00,25.55,44,0,18.27
2026-08-13,Home,2026-08-13T05:30:44+00:00,24.87,44,0,18.85
2026-08-13,Home,2026-08-13T06:00:52+00:00,24.69,43,0,18.85
2026-08-13,Home,2026-08-13T06:30:45+00:00,24.4,43,0,18.85
2026-08-13,Home,2026-08-13T07:01:06+00:00,24.61,42,0,18.33
2026-08-13,Home,2026-08-13T07:30:52+00:00,24.84,41,0,23.05
2026-08-13,Home,2026-08-13T08:01:04+00:00,25.05,41,0,23.05
2026-08-13,Home,2026-08-13T08:30:58+00:00,25.38,40,0,23.05
2026-08-13,Home,2026-08-13T09:00:55+00:00,25.63,41,0,26.38
2026-08-13,Home,2026-08-13T09:30:43+00:00,25.97,40,0,29.2
2026-08-13,Home,2026-08-13T10:00:55+00:00,26.13,41,0,29.2
2026-08-13,Home,2026-08-13T10:30:43+00:00,26.34,41,0,31.71
2026-08-13,Home,2026-08-13T11:00:55+00:00,26.45,41,0,31.71
2026-08-13,Home,2026-08-13T11:30:52+00:00,26.63,41,0,33.83
2026-08-13,Home,2026-08-13T12:00:51+00:00,26.86,41,0,33.83
2026-08-13,Home,2026-08-13T12:30:44+00:00,27.04,42,0,35.12
2026-08-13,Home,2026-08-13T13:00:56+00:00,27.08,42,0,35.12
2026-08-13,Home,2026-08-13T13:30:46+00:00,27.07,42,0,36.15
2026-08-13,Home,2026-08-13T14:01:02+00:00,27.09,43,0,36.15
2026-08-13,Home,2026-08-13T14:30:45+00:00,27.09,43,0,36.84
2026-08-13,Home,2026-08-13T15:00:55+00:00,27.12,43,0,36.84
2026-08-13,Home,2026-08-13T15:30:48+00:00,27.2,44,0,36.36
2026-08-13,Home,2026-08-13T16:00:58+00:00,27.31,45,0,36.36
2026-08-13,Home,2026-08-13T16:30:44+00:00,27.41,46,0,36.04
2026-08-13,Home,2026-08-13T17:00:56+00:00,27.64,46,0,36.04
2026-08-13,Home,2026-08-13T17:30:44+00:00,27.7,47,0,34.96
2026-08-13,Home,2026-08-13T18:00:56+00:00,27.76,47,0,34.96
2026-08-13,Home,2026-08-13T18:30:45+00:00,27.85,48,0,34.96
2026-08-13,Home,2026-08-13T19:00:54+00:00,27.93,48,0,33.42
2026-08-13,Home,2026-08-13T19:30:47+00:00,28.11,49,0,33.42
2026-08-13,Home,2026-08-13T20:00:57+00:00,28.16,48,0,31.08
2026-08-13,Home,2026-08-13T20:30:48+00:00,28.23,49,0,28.05
2026-08-13,Home,2026-08-13T21:00:53+00:00,28.29,49,0,28.05
2026-08-13,Home,2026-08-13T21:30:45+00:00,27.88,50,0,25.32
2026-08-13,Home,2026-08-13T22:00:57+00:00,27.83,51,0,25.32
2026-08-13,Home,2026-08-13T22:30:47+00:00,27.84,51,0,23.65
2026-08-13,Home,2026-08-13T23:00:55+00:00,27.76,52,0,23.65
2026-08-13,Home,2026-08-13T23:30:45+00:00,27.7,52,0,22.09
2026-08-14,Home,2026-08-14T00:00:59+00:00,27.62,53,0,22.09
2026-08-14,Home,2026-08-14T00:30:49+00:00,27.57,54,0,19.47
2026-08-14,Home,2026-08-14T01:00:53+00:00,27.53,54,0,19.47
2026-08-14,Home,2026-08-14T01:30:43+00:00,27.41,54,0,19.47
2026-08-14,Home,2026-08-14T02:00:56+00:00,27.33,54,0,18.16
2026-08-14,Home,2026-08-14T02:30:48+00:00,27.23,52,0,17.89
2026-08-14,Home,2026-08-14T03:01:01+00:00,27.09,51,0,17.89
2026-08-14,Home,2026-08-14T03:30:44+00:00,27.01,51,0,16.92
2026-08-14,Home,2026-08-14T04:00:56+00:00,26.89,51,0,16.92
2026-08-14,Home,2026-08-14T04:30:46+00:00,26.83,52,0,16.24
2026-08-14,Home,2026-08-14T05:00:55+00:00,26.77,53,0,16.24
2026-08-14,Home,2026-08-14T05:30:52+00:00,25.07,60,0,16.66
2026-08-14,Home,2026-08-14T06:00:53+00:00,24.17,64,0,16.66
2026-08-14,Home,2026-08-14T06:30:43+00:00,23.89,65,0,16.66
2026-08-14,Home,2026-08-14T07:12:38+00:00,23.8,64,0,18.35
2026-08-14,Home,2026-08-14T07:30:43+00:00,23.67,64,0,20.46
2026-08-14,Home,2026-08-14T08:30:53+00:00,23.86,63,0,20.46
2026-08-14,Home,2026-08-14T09:01:03+00:00,23.95,63,0,22.08
2026-08-14,Home,2026-08-14T09:30:43+00:00,24.27,62,0,24.21
2026-08-14,Home,2026-08-14T10:00:57+00:00,24.71,61,0,24.21
2026-08-14,Home,2026-08-14T10:30:46+00:00,25.22,60,0,25.28
2026-08-14,Home,2026-08-14T11:00:52+00:00,25.7,58,0,25.28
2026-08-14,Home,2026-08-14T11:30:43+00:00,26.13,57,0,27.66
2026-08-14,Home,2026-08-14T12:00:56+00:00,26.34,57,0,27.66
2026-08-14,Home,2026-08-14T12:30:46+00:00,26.56,56,0,28.9
2026-08-14,Home,2026-08-14T13:00:57+00:00,26.75,56,0,28.9
2026-08-14,Home,2026-08-14T13:30:56+00:00,26.84,56,0,29.81
2026-08-14,Home,2026-08-14T14:00:54+00:00,26.95,56,0,29.81
2026-08-14,Home,2026-08-14T14:30:46+00:00,27.08,55,0,30.31
2026-08-14,Home,2026-08-14T15:00:56+00:00,27.13,55,0,30.31
2026-08-14,Home,2026-08-14T15:30:44+00:00,27.19,54,0,29.93
2026-08-14,Home,2026-08-14T16:00:52+00:00,27.24,54,0,29.93
2026-08-14,Home,2026-08-14T16:30:46+00:00,27.32,54,0,30.0
2026-08-14,Home,2026-08-14T17:01:01+00:00,27.44,53,0,30.0
2026-08-14,Home,2026-08-14T17:30:42+00:00,27.58,53,0,29.56
2026-08-14,Home,2026-08-14T18:00:54+00:00,27.68,54,0,29.56
2026-08-14,Home,2026-08-14T18:30:47+00:00,27.72,55,0,28.75
2026-08-14,Home,2026-08-14T19:00:52+00:00,27.71,55,0,28.75
2026-08-14,Home,2026-08-14T19:30:48+00:00,27.73,56,0,28.75
2026-08-14,Home,2026-08-14T20:00:51+00:00,27.59,54,0,26.2
2026-08-14,Home,2026-08-14T20:30:43+00:00,26.53,54,0,23.32
2026-08-14,Home,2026-08-14T21:00:56+00:00,25.82,53,0,23.32
2026-08-14,Home,2026-08-14T21:30:43+00:00,25.23,53,0,21.23
2026-08-14,Home,2026-08-14T22:00:51+00:00,25.35,53,0,21.23
2026-08-14,Home,2026-08-14T22:30:44+00:00,25.82,52,0,19.91
2026-08-14,Home,2026-08-14T23:00:52+00:00,26.03,50,0,19.91
2026-08-14,Home,2026-08-14T23:30:49+00:00,26.08,49,0,19.14
2026-08-15,Home,2026-08-15T00:00:56+00:00,26.09,49,0,19.14
2026-08-15,Home,2026-08-15T00:30:46+00:00,26.06,48,0,18.42
2026-08-15,Home,2026-08-15T01:00:53+00:00,25.99,48,0,18.42
2026-08-15,Home,2026-08-15T01:30:45+00:00,25.92,47,0,18.42
2026-08-15,Home,2026-08-15T02:00:54+00:00,25.88,47,0,17.94
2026-08-15,Home,2026-08-15T02:30:49+00:00,25.83,47,0,17.52
2026-08-15,Home,2026-08-15T03:00:55+00:00,25.74,47,0,17.52
2026-08-15,Home,2026-08-15T03:30:46+00:00,25.64,48,0,16.56
2026-08-15,Home,2026-08-15T04:00:56+00:00,25.5,48,0,16.56
2026-08-15,Home,2026-08-15T04:30:43+00:00,25.41,48,0,15.94
2026-08-15,Home,2026-08-15T05:01:02+00:00,25.35,48,0,15.94
2026-08-15,Home,2026-08-15T05:30:47+00:00,25.31,48,0,15.57
2026-08-15,Home,2026-08-15T06:00:55+00:00,25.21,48,0,15.57
2026-08-15,Home,2026-08-15T06:30:42+00:00,25.07,48,0,15.57
2026-08-15,Home,2026-08-15T07:00:51+00:00,25.1,48,0,16.01
2026-08-15,Home,2026-08-15T07:30:45+00:00,25.17,48,0,16.01
2026-08-15,Home,2026-08-15T08:00:53+00:00,24.81,47,0,16.94
2026-08-15,Home,2026-08-15T08:30:41+00:00,24.75,47,0,16.94
2026-08-15,Home,2026-08-15T09:00:50+00:00,24.65,46,0,18.97
2026-08-15,Home,2026-08-15T09:30:42+00:00,24.81,45,0,20.26
2026-08-15,Home,2026-08-15T10:00:52+00:00,24.97,45,0,20.26
2026-08-15,Home,2026-08-15T10:30:44+00:00,25.25,45,0,21.66
2026-08-15,Home,2026-08-15T11:00:52+00:00,25.39,45,0,21.66
2026-08-15,Home,2026-08-15T11:30:45+00:00,25.55,45,0,23.19
2026-08-15,Home,2026-08-15T12:00:53+00:00,25.84,45,0,23.19
2026-08-15,Home,2026-08-15T12:30:48+00:00,26.0,45,0,23.64
2026-08-15,Home,2026-08-15T13:00:51+00:00,26.12,45,0,23.64
2026-08-15,Home,2026-08-15T13:30:44+00:00,26.23,45,0,23.64
2026-08-15,Home,2026-08-15T14:00:51+00:00,26.31,44,0,24.29
2026-08-15,Home,2026-08-15T14:30:41+00:00,26.34,44,0,24.38
2026-08-15,Home,2026-08-15T15:00:53+00:00,26.36,44,0,24.38
2026-08-15,Home,2026-08-15T15:30:41+00:00,26.4,44,0,24.99
2026-08-15,Home,2026-08-15T16:00:54+00:00,26.43,43,0,24.99
2026-08-15,Home,2026-08-15T16:30:41+00:00,26.42,43,0,25.24
2026-08-15,Home,2026-08-15T17:00:50+00:00,26.47,43,0,25.24
2026-08-15,Home,2026-08-15T17:30:46+00:00,26.45,43,0,24.83
2026-08-15,Home,2026-08-15T18:00:49+00:00,26.39,43,0,24.83
2026-08-15,Home,2026-08-15T18:30:48+00:00,26.34,43,0,23.26
2026-08-15,Home,2026-08-15T19:00:58+00:00,26.28,43,0,23.26
2026-08-15,Home,2026-08-15T19:30:46+00:00,26.19,43,0,20.74
2026-08-15,Home,2026-08-15T20:00:50+00:00,26.13,43,0,20.74
2026-08-15,Home,2026-08-15T20:30:41+00:00,26.02,43,0,18.41
2026-08-15,Home,2026-08-15T21:00:54+00:00,25.9,43,0,18.41
2026-08-15,Home,2026-08-15T21:30:48+00:00,25.82,42,0,16.22
2026-08-15,Home,2026-08-15T22:00:52+00:00,25.74,42,0,16.22
2026-08-15,Home,2026-08-15T22:30:44+00:00,25.58,42,0,14.55
2026-08-15,Home,2026-08-15T23:00:53+00:00,25.44,42,0,14.55
2026-08-15,Home,2026-08-15T23:30:45+00:00,25.37,43,0,13.31
2026-08-16,Home,2026-08-16T00:00:58+00:00,25.26,43,0,13.31
2026-08-16,Home,2026-08-16T00:30:43+00:00,25.11,43,0,12.63
2026-08-16,Home,2026-08-16T01:00:54+00:00,25.0,43,0,12.63
2026-08-16,Home,2026-08-16T01:30:43+00:00,24.85,43,0,12.63
2026-08-16,Home,2026-08-16T02:00:56+00:00,24.76,43,0,10.77
2026-08-16,Home,2026-08-16T02:30:46+00:00,24.62,44,0,11.06
2026-08-16,Home,2026-08-16T03:00:56+00:00,24.53,44,0,11.06
2026-08-16,Home,2026-08-16T03:30:44+00:00,24.41,44,0,10.48
2026-08-16,Home,2026-08-16T04:00:54+00:00,24.33,44,0,10.48
2026-08-16,Home,2026-08-16T04:30:45+00:00,24.24,44,0,10.89
2026-08-16,Home,2026-08-16T05:00:51+00:00,24.17,45,0,10.89
2026-08-16,Home,2026-08-16T05:30:50+00:00,24.06,45,0,11.54
2026-08-16,Home,2026-08-16T06:00:53+00:00,23.96,45,0,11.54
2026-08-16,Home,2026-08-16T06:30:43+00:00,23.93,45,0,11.54
2026-08-16,Home,2026-08-16T07:00:51+00:00,23.92,45,0,12.19
2026-08-16,Home,2026-08-16T07:30:42+00:00,23.91,45,0,13.4
2026-08-16,Home,2026-08-16T08:00:50+00:00,23.92,45,0,13.4
2026-08-16,Home,2026-08-16T08:30:43+00:00,24.04,45,0,13.4
2026-08-16,Home,2026-08-16T09:00:53+00:00,24.13,45,0,15.23
2026-08-16,Home,2026-08-16T09:30:43+00:00,24.28,45,0,17.46
2026-08-16,Home,2026-08-16T10:01:00+00:00,24.45,45,0,17.46
2026-08-16,Home,2026-08-16T10:30:45+00:00,24.67,44,0,19.58
2026-08-16,Home,2026-08-16T11:00:55+00:00,24.81,44,0,19.58
2026-08-16,Home,2026-08-16T11:30:44+00:00,24.94,44,0,21.27
2026-08-16,Home,2026-08-16T12:00:49+00:00,25.1,44,0,21.27
2026-08-16,Home,2026-08-16T12:30:43+00:00,25.17,44,0,22.69
2026-08-16,Home,2026-08-16T13:00:57+00:00,25.3,44,0,22.69
2026-08-16,Home,2026-08-16T13:30:41+00:00,25.36,44,0,24.18
2026-08-16,Home,2026-08-16T14:00:52+00:00,25.39,44,0,24.18
2026-08-16,Home,2026-08-16T14:30:43+00:00,25.41,44,0,24.45
2026-08-16,Home,2026-08-16T15:00:51+00:00,25.16,43,0,24.45
2026-08-16,Home,2026-08-16T15:30:44+00:00,25.23,43,0,24.74
2026-08-16,Home,2026-08-16T16:00:48+00:00,25.42,43,0,24.74
2026-08-16,Home,2026-08-16T16:30:42+00:00,25.51,43,0,24.94
2026-08-16,Home,2026-08-16T17:00:49+00:00,25.48,43,0,24.94
2026-08-16,Home,2026-08-16T17:30:44+00:00,25.38,44,0,24.17
2026-08-16,Home,2026-08-16T18:00:51+00:00,25.16,45,0,24.17
2026-08-16,Home,2026-08-16T18:30:48+00:00,24.9,46,0,23.46
2026-08-16,Home,2026-08-16T19:00:50+00:00,24.83,47,0,23.46
2026-08-16,Home,2026-08-16T19:30:45+00:00,24.45,46,0,23.46
2026-08-16,Home,2026-08-16T20:00:49+00:00,24.35,49,0,22.49
2026-08-16,Home,2026-08-16T20:30:41+00:00,24.43,43,0,22.08
2026-08-16,Home,2026-08-16T21:00:49+00:00,24.61,44,0,22.08
2026-08-16,Home,2026-08-16T21:30:42+00:00,24.82,44,0,21.08
2026-08-16,Home,2026-08-16T22:00:57+00:00,24.78,45,0,21.08
2026-08-16,Home,2026-08-16T22:30:43+00:00,24.71,45,0,19.92
2026-08-16,Home,2026-08-16T23:00:56+00:00,24.63,45,0,19.92
2026-08-16,Home,2026-08-16T23:30:45+00:00,24.6,45,0,19.22
2026-08-17,Home,2026-08-17T00:00:53+00:00,24.56,45,0,19.22
2026-08-17,Home,2026-08-17T00:30:47+00:00,24.5,45,0,18.62
2026-08-17,Home,2026-08-17T01:00:54+00:00,24.44,46,0,18.62
2026-08-17,Home,2026-08-17T01:30:48+00:00,24.4,46,0,18.62
2026-08-17,Home,2026-08-17T02:00:50+00:00,24.36,47,0,17.54
2026-08-17,Home,2026-08-17T02:30:45+00:00,24.32,47,0,17.1
2026-08-17,Home,2026-08-17T03:00:52+00:00,24.29,48,0,17.1
2026-08-17,Home,2026-08-17T03:30:43+00:00,24.27,48,0,16.77
2026-08-17,Home,2026-08-17T04:00:53+00:00,24.23,48,0,16.77
2026-08-17,Home,2026-08-17T04:30:44+00:00,24.19,48,0,16.97
2026-08-17,Home,2026-08-17T05:00:59+00:00,24.16,49,0,16.97
2026-08-17,Home,2026-08-17T05:30:46+00:00,24.12,50,0,16.92
2026-08-17,Home,2026-08-17T06:00:55+00:00,23.83,52,0,16.92
2026-08-17,Home,2026-08-17T06:30:45+00:00,23.23,54,0,17.38
2026-08-17,Home,2026-08-17T07:00:55+00:00,22.87,55,0,17.38
2026-08-17,Home,2026-08-17T07:30:45+00:00,22.83,57,0,17.38
2026-08-17,Home,2026-08-17T08:00:58+00:00,22.84,59,0,18.38
2026-08-17,Home,2026-08-17T08:30:45+00:00,23.16,59,0,18.38
2026-08-17,Home,2026-08-17T09:00:54+00:00,23.37,59,0,19.9
2026-08-17,Home,2026-08-17T09:30:45+00:00,23.57,59,0,21.31
2026-08-17,Home,2026-08-17T10:00:54+00:00,23.7,59,0,21.31
2026-08-17,Home,2026-08-17T10:30:44+00:00,23.81,59,0,22.38
2026-08-17,Home,2026-08-17T11:00:53+00:00,23.88,59,0,22.38
2026-08-17,Home,2026-08-17T11:30:47+00:00,24.0,59,0,23.3
2026-08-17,Home,2026-08-17T12:00:54+00:00,24.24,59,0,23.3
2026-08-17,Home,2026-08-17T12:30:53+00:00,24.5,58,0,24.68
2026-08-17,Home,2026-08-17T13:00:53+00:00,24.73,57,0,24.68
2026-08-17,Home,2026-08-17T13:30:45+00:00,24.84,56,0,24.68
2026-08-17,Home,2026-08-17T14:00:53+00:00,25.02,55,0,25.16
2026-08-17,Home,2026-08-17T14:30:46+00:00,25.21,55,0,25.53
2026-08-17,Home,2026-08-17T15:01:01+00:00,25.34,54,0,25.53
2026-08-17,Home,2026-08-17T15:30:43+00:00,25.41,54,0,26.7
2026-08-17,Home,2026-08-17T16:00:53+00:00,25.49,53,0,26.7
2026-08-17,Home,2026-08-17T16:30:47+00:00,25.61,53,0,26.97
2026-08-17,Home,2026-08-17T17:00:58+00:00,25.56,54,0,26.97
2026-08-17,Home,2026-08-17T17:30:44+00:00,25.45,55,0,26.24
2026-08-17,Home,2026-08-17T18:00:57+00:00,25.33,56,0,26.24
2026-08-17,Home,2026-08-17T18:30:49+00:00,25.11,57,0,25.33
2026-08-17,Home,2026-08-17T19:00:53+00:00,24.83,57,0,25.33
2026-08-17,Home,2026-08-17T19:30:42+00:00,24.56,58,0,24.24
2026-08-17,Home,2026-08-17T20:00:52+00:00,24.24,59,0,24.24
2026-08-17,Home,2026-08-17T20:30:45+00:00,23.89,59,0,22.87
2026-08-17,Home,2026-08-17T21:00:53+00:00,24.26,58,0,22.87
2026-08-17,Home,2026-08-17T21:30:45+00:00,24.49,57,0,21.91
2026-08-17,Home,2026-08-17T22:00:55+00:00,24.59,56,0,21.91
2026-08-17,Home,2026-08-17T22:30:44+00:00,24.59,56,0,19.46
2026-08-17,Home,2026-08-17T23:00:56+00:00,24.52,54,0,19.46
2026-08-17,Home,2026-08-17T23:30:45+00:00,24.49,54,0,19.9
2026-08-18,Home,2026-08-18T00:00:54+00:00,24.39,53,0,19.9
2026-08-18,Home,2026-08-18T00:30:44+00:00,24.36,53,0,19.38
2026-08-18,Home,2026-08-18T01:00:51+00:00,24.32,53,0,19.38
2026-08-18,Home,2026-08-18T01:30:46+00:00,24.3,54,0,19.38
2026-08-18,Home,2026-08-18T02:00:52+00:00,24.26,55,0,18.61
2026-08-18,Home,2026-08-18T02:30:45+00:00,24.26,56,0,18.21
2026-08-18,Home,2026-08-18T03:00:55+00:00,24.23,56,0,18.21
2026-08-18,Home,2026-08-18T03:30:44+00:00,24.21,57,0,18.14
2026-08-18,Home,2026-08-18T04:00:53+00:00,24.18,57,0,18.14
2026-08-18,Home,2026-08-18T04:30:56+00:00,24.16,58,0,18.46
2026-08-18,Home,2026-08-18T05:00:52+00:00,24.17,59,0,18.46
2026-08-18,Home,2026-08-18T05:30:43+00:00,24.19,59,0,18.92
2026-08-18,Home,2026-08-18T06:00:51+00:00,24.19,59,0,18.92
2026-08-18,Home,2026-08-18T06:30:46+00:00,24.09,61,0,18.92
2026-08-18,Home,2026-08-18T07:00:54+00:00,24.16,61,0,19.53
2026-08-18,Home,2026-08-18T07:30:45+00:00,24.24,62,0,20.18
2026-08-18,Home,2026-08-18T08:00:54+00:00,24.1,60,0,20.18
2026-08-18,Home,2026-08-18T08:30:42+00:00,23.84,59,0,20.18
2026-08-18,Home,2026-08-18T09:00:54+00:00,23.66,59,0,20.59
2026-08-18,Home,2026-08-18T09:30:42+00:00,23.69,60,0,21.1
2026-08-18,Home,2026-08-18T10:00:58+00:00,23.7,56,0,21.1
2026-08-18,Home,2026-08-18T10:30:44+00:00,23.82,53,0,22.29
2026-08-18,Home,2026-08-18T11:00:52+00:00,23.91,53,0,22.29
2026-08-18,Home,2026-08-18T11:30:45+00:00,23.92,52,0,22.29
2026-08-18,Home,2026-08-18T12:00:54+00:00,23.97,52,0,23.26
2026-08-18,Home,2026-08-18T12:30:47+00:00,24.05,51,0,22.92
2026-08-18,Home,2026-08-18T13:00:53+00:00,24.27,51,0,22.92
2026-08-18,Home,2026-08-18T13:30:48+00:00,24.28,50,0,23.08
2026-08-18,Home,2026-08-18T14:00:53+00:00,24.33,49,0,23.08
2026-08-18,Home,2026-08-18T14:30:45+00:00,24.35,48,0,23.01
2026-08-18,Home,2026-08-18T15:01:00+00:00,24.39,47,0,23.01
2026-08-18,Home,2026-08-18T15:30:48+00:00,24.38,46,0,23.54
2026-08-18,Home,2026-08-18T16:00:56+00:00,24.43,46,0,23.54
2026-08-18,Home,2026-08-18T16:30:51+00:00,24.4,46,0,23.54
2026-08-18,Home,2026-08-18T17:00:54+00:00,24.33,47,0,22.95
2026-08-18,Home,2026-08-18T17:30:46+00:00,24.28,47,0,22.37
2026-08-18,Home,2026-08-18T18:00:53+00:00,24.17,47,0,22.37
2026-08-18,Home,2026-08-18T18:30:51+00:00,23.93,47,0,22.37
2026-08-18,Home,2026-08-18T19:00:54+00:00,23.62,48,0,21.48
2026-08-18,Home,2026-08-18T19:30:43+00:00,23.36,49,0,20.34
2026-08-18,Home,2026-08-18T20:00:53+00:00,23.15,50,0,20.34
2026-08-18,Home,2026-08-18T20:30:48+00:00,23.01,49,0,20.34
2026-08-18,Home,2026-08-18T21:00:52+00:00,23.19,50,0,19.33
2026-08-18,Home,2026-08-18T21:30:47+00:00,23.51,50,0,18.7
2026-08-18,Home,2026-08-18T22:01:05+00:00,23.61,50,0,18.7
2026-08-18,Home,2026-08-18T22:30:43+00:00,23.68,50,0,18.7
2026-08-18,Home,2026-08-18T23:00:52+00:00,23.69,51,0,18.23
2026-08-18,Home,2026-08-18T23:30:43+00:00,23.69,51,0,17.61
2026-08-19,Home,2026-08-19T00:01:00+00:00,23.66,53,0,17.61
2026-08-19,Home,2026-08-19T00:30:48+00:00,23.65,54,0,16.5
2026-08-19,Home,2026-08-19T01:00:53+00:00,23.61,55,0,16.5
2026-08-19,Home,2026-08-19T01:30:45+00:00,23.58,56,0,15.84
2026-08-19,Home,2026-08-19T02:00:53+00:00,23.55,56,0,15.84
2026-08-19,Home,2026-08-19T02:30:45+00:00,23.52,57,0,15.82
2026-08-19,Home,2026-08-19T03:00:55+00:00,23.47,57,0,15.82
2026-08-19,Home,2026-08-19T03:30:41+00:00,23.41,57,0,15.82
2026-08-19,Home,2026-08-19T04:00:55+00:00,23.37,57,0,15.85
2026-08-19,Home,2026-08-19T04:30:43+00:00,23.35,57,0,15.85
2026-08-19,Home,2026-08-19T05:01:05+00:00,23.31,57,0,15.15
2026-08-19,Home,2026-08-19T05:30:47+00:00,23.25,57,0,15.32
2026-08-19,Home,2026-08-19T06:00:52+00:00,23.23,57,0,15.32
2026-08-19,Home,2026-08-19T06:30:45+00:00,23.17,58,0,15.32
2026-08-19,Home,2026-08-19T07:01:01+00:00,23.15,58,0,14.44
2026-08-19,Home,2026-08-19T07:30:46+00:00,23.26,59,0,15.42
2026-08-19,Home,2026-08-19T08:00:55+00:00,23.38,58,0,15.42
2026-08-19,Home,2026-08-19T08:30:46+00:00,23.54,58,0,15.42
2026-08-19,Home,2026-08-19T09:00:54+00:00,23.86,55,0,17.52
2026-08-19,Home,2026-08-19T09:30:44+00:00,24.28,53,0,18.87
2026-08-19,Home,2026-08-19T10:00:55+00:00,24.54,52,0,18.87
2026-08-19,Home,2026-08-19T10:30:45+00:00,24.63,52,0,19.62
2026-08-19,Home,2026-08-19T11:00:53+00:00,24.6,51,0,19.62
2026-08-19,Home,2026-08-19T11:30:45+00:00,24.64,50,0,20.71
2026-08-19,Home,2026-08-19T12:00:54+00:00,24.43,46,0,20.71
2026-08-19,Home,2026-08-19T12:30:48+00:00,24.2,45,0,21.53
2026-08-19,Home,2026-08-19T13:00:52+00:00,24.19,44,0,21.53
2026-08-19,Home,2026-08-19T13:30:45+00:00,24.19,43,0,21.53
2026-08-19,Home,2026-08-19T14:00:54+00:00,24.1,43,0,23.33
2026-08-19,Home,2026-08-19T14:30:50+00:00,23.85,47,0,23.33
2026-08-19,Home,2026-08-19T15:00:58+00:00,23.89,45,0,23.86
2026-08-19,Home,2026-08-19T15:30:47+00:00,23.95,43,0,22.41
2026-08-19,Home,2026-08-19T16:00:57+00:00,23.84,42,0,22.41
2026-08-19,Home,2026-08-19T16:30:43+00:00,23.87,41,0,21.84
2026-08-19,Home,2026-08-19T17:00:55+00:00,23.88,41,0,21.84
2026-08-19,Home,2026-08-19T17:30:46+00:00,23.83,41,0,21.99
2026-08-19,Home,2026-08-19T18:00:55+00:00,23.59,43,0,21.99
2026-08-19,Home,2026-08-19T18:30:49+00:00,23.39,43,0,21.99
2026-08-19,Home,2026-08-19T19:00:54+00:00,23.15,43,0,20.56
2026-08-19,Home,2026-08-19T19:30:46+00:00,22.97,44,0,19.25
2026-08-19,Home,2026-08-19T20:00:50+00:00,22.86,47,0,19.25
2026-08-19,Home,2026-08-19T20:30:49+00:00,22.8,48,0,17.76
2026-08-19,Home,2026-08-19T21:01:06+00:00,23.08,49,0,17.76
2026-08-19,Home,2026-08-19T21:30:44+00:00,23.23,49,0,16.34
2026-08-19,Home,2026-08-19T22:00:53+00:00,23.32,50,0,16.34
2026-08-19,Home,2026-08-19T22:30:42+00:00,23.3,50,0,15.57
2026-08-19,Home,2026-08-19T23:00:57+00:00,23.23,51,0,15.57
2026-08-19,Home,2026-08-19T23:30:43+00:00,23.18,51,0,15.57
2026-08-20,Home,2026-08-20T00:00:51+00:00,23.14,52,0,15.13
2026-08-20,Home,2026-08-20T00:30:43+00:00,23.09,52,0,14.8
2026-08-20,Home,2026-08-20T01:00:51+00:00,23.07,53,0,14.8
2026-08-20,Home,2026-08-20T01:30:42+00:00,23.0,53,0,14.75
2026-08-20,Home,2026-08-20T02:00:54+00:00,22.94,54,0,14.75
2026-08-20,Home,2026-08-20T02:30:46+00:00,22.89,54,0,14.58
2026-08-20,Home,2026-08-20T03:00:53+00:00,22.86,54,0,14.58
2026-08-20,Home,2026-08-20T03:30:42+00:00,22.83,55,0,15.04
2026-08-20,Home,2026-08-20T04:00:54+00:00,22.79,55,0,15.04
2026-08-20,Home,2026-08-20T04:30:44+00:00,22.71,55,0,14.8
2026-08-20,Home,2026-08-20T05:00:55+00:00,22.67,55,0,14.8
2026-08-20,Home,2026-08-20T05:30:46+00:00,22.61,55,0,14.44
2026-08-20,Home,2026-08-20T06:00:59+00:00,22.58,55,0,14.44
2026-08-20,Home,2026-08-20T06:30:50+00:00,22.52,55,0,14.44
